stock_code,current_price,low_52w,high_52w,avg_52w,pct_from_avg_52w,range_position,bottom_dwell_ratio,corp_name,market_cap,updated_at
000150,1351000.0,522000.0,2489000.0,1114840.15,21.18,42.15,376.82,두산,,2026-10-08T01:00:02
000080,14820.0,13830.0,19530.0,17127.55,-13.47,17.37,41.21,하이트진로,,2026-10-08T01:00:02
000140,7660.0,7310.0,10560.0,9100.59,-15.83,10.77,44.46,하이트진로홀딩스,,2026-10-08T01:00:02
000070,56500.0,51500.0,75500.0,62210.22,-9.18,20.83,46.6,삼양홀딩스,,2026-10-08T01:00:02
000120,69900.0,69200.0,154000.0,90560.97,-22.81,0.83,122.54,CJ대한통운,,2026-10-08T01:00:02
000180,4785.0,4395.0,9245.0,6730.89,-28.91,8.04,110.35,성창기업지주,,2026-10-08T01:00:02
000020,5430.0,4450.0,7560.0,5819.74,-6.7,31.51,69.89,동화약품,,2026-10-08T01:00:02
000050,8130.0,6200.0,15210.0,8475.43,-4.08,21.42,145.32,경방,,2026-10-08T01:00:02
000100,73800.0,65000.0,129200.0,97395.17,-24.23,13.71,98.77,유한양행,,2026-10-08T01:00:02
0001A0,8670.0,5900.0,42800.0,13935.93,-37.79,7.51,625.42,덕양에너젠,,2026-10-08T01:00:02
000210,48550.0,33900.0,77700.0,47142.38,2.99,33.45,129.2,DL,,2026-10-08T01:00:02
000220,3845.0,3320.0,5100.0,4119.42,-6.66,29.49,53.61,유유제약,,2026-10-08T01:00:02
000240,26050.0,21550.0,36450.0,25390.52,2.6,30.2,69.14,한국앤컴퍼니,,2026-10-08T01:00:02
000230,6220.0,5450.0,17170.0,9471.12,-34.33,6.57,215.05,일동홀딩스,,2026-10-08T01:00:02
000250,234000.0,120000.0,1233000.0,325283.64,-28.06,10.24,927.5,삼천당제약,,2026-10-08T01:00:02
000270,106900.0,100000.0,212500.0,137363.94,-22.18,6.13,112.5,기아,,2026-10-08T01:00:02
000370,7170.0,5050.0,10800.0,6337.58,13.13,36.87,113.86,한화손해보험,,2026-10-08T01:00:02
000320,15530.0,13950.0,37150.0,21238.4,-26.88,6.81,166.31,노루홀딩스,,2026-10-08T01:00:02
000390,7270.0,5180.0,14300.0,7104.05,2.34,22.92,176.06,SP삼화,,2026-10-08T01:00:02
000430,4440.0,3140.0,6200.0,4124.67,7.65,42.48,97.45,대원강업,,2026-10-08T01:00:02
000400,2260.0,1569.0,3280.0,1967.62,14.86,40.39,109.05,롯데손해보험,,2026-10-08T01:00:02
0004V0,6160.0,4445.0,29700.0,13358.66,-53.89,6.79,568.17,엔비알모션,,2026-10-08T01:00:02
000520,8530.0,5500.0,12860.0,8924.31,-4.42,41.17,133.82,삼일제약,,2026-10-08T01:00:02
000500,299000.0,29229.0,359500.0,114195.93,161.83,81.68,1129.94,가온전선,,2026-10-08T01:00:02
000480,4340.0,4175.0,5620.0,4805.41,-9.69,11.42,34.61,시알홀딩스,,2026-10-08T01:00:02
0004Y0,2000.0,1930.0,2125.0,2018.64,-0.92,35.9,10.1,디비금융제14호스팩,,2026-10-08T01:00:02
000540,3430.0,2870.0,7480.0,3839.31,-10.66,12.15,160.63,흥국화재,,2026-10-08T01:00:02
000490,7470.0,5470.0,13640.0,9106.77,-17.97,24.48,149.36,대동,,2026-10-08T01:00:02
000440,12360.0,11170.0,38000.0,16639.14,-25.72,4.44,240.2,중앙에너비스,,2026-10-08T01:00:02
000590,70200.0,60300.0,100300.0,76168.4,-7.84,24.75,66.33,CS홀딩스,,2026-10-08T01:00:02
000640,94000.0,74500.0,121887.0,98921.42,-4.98,41.15,63.61,동아쏘시오홀딩스,,2026-10-08T01:00:02
000660,1731000.0,255000.0,2987000.0,1185434.94,46.02,54.03,1071.37,SK하이닉스,,2026-10-08T01:00:02
0007C0,17650.0,11500.0,77000.0,28575.18,-38.23,9.39,569.57,아크릴,,2026-10-08T01:00:02
000670,40100.0,31000.0,71797.0,49902.1,-19.64,22.31,131.6,영풍,,2026-10-08T01:00:02
000680,2965.0,2560.0,4965.0,3325.19,-10.83,16.84,93.95,LS네트웍스,,2026-10-08T01:00:02
000760,12380.0,10380.0,25250.0,13931.67,-11.14,13.45,143.26,이화산업,,2026-10-08T01:00:02
000700,6740.0,5000.0,7200.0,6017.36,12.01,79.09,44.0,유수홀딩스,,2026-10-08T01:00:02
000720,107100.0,54100.0,198400.0,108975.84,-1.72,36.73,266.73,현대건설,,2026-10-08T01:00:02
0007J0,9680.0,6090.0,60200.0,12920.79,-25.08,6.63,888.51,인벤테라,,2026-10-08T01:00:02
000810,613000.0,419000.0,757000.0,539345.72,13.66,57.4,80.67,삼성화재해상보험,,2026-10-08T01:00:02
000850,36400.0,29450.0,44850.0,35392.57,2.85,45.13,52.29,화천기공,,2026-10-08T01:00:02
000860,12420.0,11110.0,18880.0,13585.35,-8.58,16.86,69.94,강남제비스코,,2026-10-08T01:00:02
000880,112600.0,93277.0,199759.0,126070.67,-10.69,18.15,114.16,한화,,2026-10-08T01:00:02
000890,1305.0,1230.0,4390.0,1943.88,-32.87,2.37,256.91,보해양조,,2026-10-08T01:00:02
0008Z0,23450.0,19000.0,57600.0,31745.8,-26.13,11.53,203.16,에스엔시스,,2026-10-08T01:00:02
0009K0,24600.0,17400.0,80200.0,40484.59,-39.24,11.46,360.92,에임드바이오,,2026-10-08T01:00:02
000950,30350.0,22750.0,45500.0,33473.79,-9.33,33.41,100.0,전방,,2026-10-08T01:00:02
000990,140500.0,43650.0,230500.0,98164.68,43.13,51.83,428.06,DB하이텍,,2026-10-08T01:00:02
000970,6520.0,6130.0,7880.0,6838.14,-4.65,22.29,28.55,한국주철관공업,,2026-10-08T01:00:02
001000,1964.0,1581.0,15425.0,8210.02,-76.08,2.77,875.65,신라섬유,,2026-10-08T01:00:02
000910,2935.0,2410.0,6150.0,3913.53,-25.0,14.04,155.19,유니온,,2026-10-08T01:00:02
001040,132700.0,116900.0,235000.0,174100.0,-23.78,13.38,101.03,CJ,,2026-10-08T01:00:02
001060,27150.0,20700.0,39250.0,27223.42,-0.27,34.77,89.61,JW중외제약,,2026-10-08T01:00:02
001020,1908.0,1701.0,5200.0,2925.58,-34.78,5.92,205.7,페이퍼코리아,,2026-10-08T01:00:02
0010F0,3045.0,1824.0,13100.0,3663.02,-16.87,10.83,618.2,보원케미칼,,2026-10-08T01:00:02
001070,5630.0,4805.0,9460.0,6353.61,-11.39,17.72,96.88,대한방직,,2026-10-08T01:00:02
0011A0,11100.0,6890.0,50600.0,16467.45,-32.59,9.63,634.4,액스비스,,2026-10-08T01:00:02
001080,3970.0,2580.0,6240.0,4508.49,-11.94,37.98,141.86,만호제강,,2026-10-08T01:00:02
0010V0,9120.0,6810.0,25000.0,12956.21,-29.61,12.7,267.11,제이피아이헬스케어,,2026-10-08T01:00:02
001120,43950.0,29000.0,57700.0,38369.33,14.54,52.09,98.97,LX인터내셔널,,2026-10-08T01:00:02
0011T0,5240.0,3555.0,30750.0,7724.91,-32.17,6.2,764.98,채비,,2026-10-08T01:00:02
001130,11120.0,10500.0,16400.0,13525.24,-17.78,10.51,56.19,대한제분,,2026-10-08T01:00:02
001200,3990.0,3105.0,6920.0,4260.5,-6.35,23.2,122.87,유진증권,,2026-10-08T01:00:02
001210,8600.0,2325.0,14350.0,4827.97,78.13,52.18,517.2,금호전기,,2026-10-08T01:00:02
001250,3235.0,2200.0,5690.0,2751.67,17.56,29.66,158.64,GS글로벌,,2026-10-08T01:00:02
001230,2025.0,1510.0,2667.0,1907.27,6.17,44.51,76.62,동국홀딩스,,2026-10-08T01:00:02
001260,8230.0,6420.0,13400.0,8320.48,-1.09,25.93,108.72,남광토건,,2026-10-08T01:00:02
001270,49700.0,44800.0,104600.0,64681.78,-23.16,8.19,133.48,부국증권,,2026-10-08T01:00:02
001290,4145.0,2935.0,8910.0,4411.73,-6.05,20.25,203.58,상상인증권,,2026-10-08T01:00:02
001340,5150.0,4075.0,8200.0,5929.74,-13.15,26.06,101.23,PKC,,2026-10-08T01:00:02
001360,1397.0,1140.0,2320.0,1575.86,-11.35,21.78,103.51,삼성제약,,2026-10-08T01:00:02
0013V0,5630.0,3965.0,25600.0,7269.82,-22.56,7.7,545.65,삼진식품,,2026-10-08T01:00:02
001390,4155.0,3570.0,7400.0,5001.71,-16.93,15.27,107.28,KG케미칼,,2026-10-08T01:00:02
001430,44400.0,23050.0,92500.0,47690.71,-6.9,30.74,301.3,세아베스틸지주,,2026-10-08T01:00:02
001450,47000.0,26100.0,54700.0,34098.33,37.84,73.08,109.58,현대해상,,2026-10-08T01:00:02
001500,7560.0,6560.0,14880.0,9060.48,-16.56,12.02,126.83,현대차증권,,2026-10-08T01:00:02
001510,2230.0,1253.0,6190.0,2421.85,-7.92,19.79,394.01,SK증권,,2026-10-08T01:00:02
001460,37600.0,29150.0,71500.0,41139.78,-8.6,19.95,145.28,BYC,,2026-10-08T01:00:02
001520,1109.0,970.0,2660.0,1468.82,-24.5,8.22,174.23,동양,,2026-10-08T01:00:02
001440,28650.0,14740.0,75900.0,29738.66,-3.66,22.74,414.93,대한전선,,2026-10-08T01:00:02
001530,25600.0,14981.0,39477.0,23313.34,9.81,43.35,163.51,디아이동일,,2026-10-08T01:00:02
001540,10160.0,7280.0,13650.0,9105.13,11.59,45.21,87.5,안국약품,,2026-10-08T01:00:02
001550,10120.0,8640.0,20950.0,12109.93,-16.43,12.02,142.48,조비,,2026-10-08T01:00:02
001560,9300.0,8030.0,12900.0,9859.48,-5.67,26.08,60.65,제일연마,,2026-10-08T01:00:02
0015S0,8250.0,4450.0,47000.0,13335.67,-38.14,8.93,956.18,페스카로,,2026-10-08T01:00:02
0015N0,9820.0,4500.0,31500.0,9542.88,2.9,19.7,600.0,아로마티카,,2026-10-08T01:00:02
0015G0,15160.0,11000.0,55000.0,23900.14,-36.57,9.45,400.0,그린광학,,2026-10-08T01:00:02
001620,2185.0,1890.0,4820.0,2585.4,-15.49,10.07,155.03,케이비아이동국실업,,2026-10-08T01:00:02
001680,17590.0,15880.0,24150.0,20168.4,-12.78,20.68,52.08,대상,,2026-10-08T01:00:02
001630,37550.0,35300.0,55600.0,45273.05,-17.06,11.08,57.51,종근당홀딩스,,2026-10-08T01:00:02
001740,6220.0,4275.0,16240.0,6203.66,0.26,16.26,279.88,SK네트웍스,,2026-10-08T01:00:02
001720,137600.0,119300.0,272000.0,163494.8,-15.84,11.98,128.0,신영증권,,2026-10-08T01:00:02
001750,19090.0,16870.0,31500.0,21137.7,-9.69,15.17,86.72,한양증권,,2026-10-08T01:00:02
0017J0,3375.0,2260.0,8430.0,3303.48,2.17,18.07,273.01,세미티에스,,2026-10-08T01:00:02
001780,1686.0,1380.0,3495.0,2067.65,-18.46,14.47,153.26,알루코,,2026-10-08T01:00:02
001790,2790.0,2150.0,3260.0,2798.7,-0.31,57.66,51.63,대한제당,,2026-10-08T01:00:02
001800,22650.0,18360.0,29950.0,23060.26,-1.78,37.01,63.13,오리온홀딩스,,2026-10-08T01:00:02
001820,159700.0,25000.0,196800.0,67501.49,136.59,78.41,687.2,삼화콘덴서공업,,2026-10-08T01:00:02
001810,1119.0,995.0,2320.0,1395.64,-19.82,9.36,133.17,무림SP,,2026-10-08T01:00:02
001940,25450.0,20150.0,28650.0,25573.23,-0.48,62.35,42.18,KISCO홀딩스,,2026-10-08T01:00:02
002020,22850.0,20200.0,88200.0,47455.95,-51.85,3.9,336.63,코오롱,,2026-10-08T01:00:02
002030,208000.0,157800.0,402000.0,272989.96,-23.81,20.56,154.75,아세아,,2026-10-08T01:00:02
002170,52100.0,49050.0,62700.0,55629.55,-6.34,22.34,27.83,SYTS,,2026-10-08T01:00:02
002200,2755.0,2150.0,3785.0,2839.37,-2.97,37.0,76.05,한국수출포장공업,,2026-10-08T01:00:02
002210,1278.0,1116.0,2525.0,1863.68,-31.43,11.5,126.25,동성제약,,2026-10-08T01:00:02
002150,4960.0,4465.0,7650.0,5969.68,-16.91,15.54,71.33,도화엔지니어링,,2026-10-08T01:00:02
002140,1916.0,1648.0,3320.0,2388.7,-19.79,16.03,101.46,고려산업,,2026-10-08T01:00:02
002220,3040.0,2330.0,6470.0,4130.93,-26.41,17.15,177.68,한일철강,,2026-10-08T01:00:02
002100,9040.0,8550.0,11900.0,9393.94,-3.77,14.63,39.18,경농,,2026-10-08T01:00:02
002230,5170.0,3715.0,16990.0,7098.68,-27.17,10.96,357.34,피에스텍,,2026-10-08T01:00:02
002240,16720.0,15300.0,28300.0,19441.04,-14.0,10.92,84.97,고려제강,,2026-10-08T01:00:02
002310,7540.0,6800.0,11380.0,8176.84,-7.79,16.16,67.35,아세아제지,,2026-10-08T01:00:02
002380,465500.0,336000.0,692000.0,469821.56,-0.92,36.38,105.95,케이씨씨,,2026-10-08T01:00:02
002390,8700.0,6460.0,12900.0,10236.62,-15.01,34.78,99.69,한독,,2026-10-08T01:00:02
002290,3350.0,3005.0,4600.0,3609.03,-7.18,21.63,53.08,삼일기업공사,,2026-10-08T01:00:02
002350,5760.0,5460.0,10110.0,6998.7,-17.7,6.45,85.16,넥센타이어,,2026-10-08T01:00:02
002320,17070.0,13700.0,23650.0,18380.41,-7.13,33.87,72.63,한진,,2026-10-08T01:00:02
002420,5770.0,4375.0,8460.0,5488.22,5.13,34.15,93.37,세기상사,,2026-10-08T01:00:02
002460,10960.0,9580.0,15780.0,11701.97,-6.34,22.26,64.72,HS화성,,2026-10-08T01:00:02
002450,1080.0,1045.0,1361.0,1196.68,-9.75,11.08,30.24,삼익악기,,2026-10-08T01:00:02
002600,139000.0,132300.0,164400.0,147711.15,-5.9,20.87,24.26,조흥,,2026-10-08T01:00:02
002620,7560.0,6050.0,9850.0,8003.94,-5.55,39.74,62.81,제일파마홀딩스,,2026-10-08T01:00:02
002690,1307.0,1251.0,1990.0,1562.1,-16.33,7.58,59.07,동일제강,,2026-10-08T01:00:02
002680,3985.0,1495.0,5150.0,3152.74,26.4,68.13,244.48,한탑,,2026-10-08T01:00:02
002720,4630.0,2810.0,5470.0,4136.99,11.92,68.42,94.66,국제약품,,2026-10-08T01:00:02
002710,14360.0,6310.0,22950.0,14467.43,-0.74,48.38,263.71,TCC스틸,,2026-10-08T01:00:02
002700,1038.0,919.0,1501.0,1252.41,-17.12,20.45,63.33,신일전자,,2026-10-08T01:00:02
002780,6600.0,6210.0,16450.0,8110.07,-18.62,3.81,164.9,진흥기업,,2026-10-08T01:00:02
002760,994.0,814.0,1527.0,1051.92,-5.51,25.25,87.59,보락,,2026-10-08T01:00:02
002790,25550.0,19950.0,35950.0,26679.55,-4.23,35.0,80.2,아모레퍼시픽홀딩스,,2026-10-08T01:00:02
002800,4555.0,3900.0,6990.0,5207.88,-12.54,21.2,79.23,신신제약,,2026-10-08T01:00:02
002810,21550.0,14510.0,24550.0,18851.67,14.31,70.12,69.19,삼영무역,,2026-10-08T01:00:02
002870,1174.0,664.0,1471.0,1098.22,6.9,63.2,121.54,신풍,,2026-10-08T01:00:02
002840,139600.0,109100.0,161900.0,139325.28,0.2,57.77,48.4,미원상사,,2026-10-08T01:00:02
002900,6510.0,5380.0,9900.0,6643.35,-2.01,25.0,84.01,TYM,,2026-10-08T01:00:02
002880,3625.0,3265.0,7650.0,4804.96,-24.56,8.21,134.3,디와이에이,,2026-10-08T01:00:02
002960,542000.0,401000.0,620000.0,475001.86,14.1,64.38,54.61,한국쉘석유,,2026-10-08T01:00:02
002920,1789.0,1600.0,2590.0,1951.22,-8.31,19.09,61.88,유성기업,,2026-10-08T01:00:02
003000,4135.0,3235.0,9890.0,4586.9,-9.85,13.52,205.72,부광약품,,2026-10-08T01:00:02
003010,8160.0,3925.0,13290.0,6010.45,35.76,45.22,238.6,혜인,,2026-10-08T01:00:02
003030,104700.0,94200.0,260000.0,144836.43,-27.71,6.33,176.01,세아제강지주,,2026-10-08T01:00:02
003070,9140.0,7900.0,13570.0,9585.84,-4.65,21.87,71.77,코오롱글로벌,,2026-10-08T01:00:02
003080,2235.0,2040.0,2985.0,2568.1,-12.97,20.63,46.32,SB성보,,2026-10-08T01:00:02
003090,15460.0,15040.0,30600.0,21156.43,-26.93,2.7,103.46,대웅,,2026-10-08T01:00:02
0030R0,3985.0,3455.0,4760.0,4249.16,-6.22,40.61,37.77,대신밸류리츠,,2026-10-08T01:00:02
003100,20350.0,17280.0,30450.0,20279.18,0.35,23.31,76.22,선광,,2026-10-08T01:00:02
003160,41900.0,12600.0,43900.0,26799.93,56.34,93.61,248.41,디아이,,2026-10-08T01:00:02
003120,22200.0,17120.0,29300.0,22131.23,0.31,41.71,71.14,일성아이에스,,2026-10-08T01:00:02
003200,11540.0,9300.0,17800.0,11598.81,-0.51,26.35,91.4,일신방직,,2026-10-08T01:00:02
003230,1170000.0,981000.0,1665000.0,1272130.11,-8.03,27.63,69.72,삼양식품,,2026-10-08T01:00:02
003240,916000.0,708000.0,1634000.0,931732.34,-1.69,22.46,130.79,태광산업,,2026-10-08T01:00:02
003280,1831.0,1524.0,4795.0,1995.36,-8.24,9.39,214.63,흥아해운,,2026-10-08T01:00:02
003220,8190.0,7060.0,13670.0,10535.54,-22.26,17.1,93.63,대원제약,,2026-10-08T01:00:02
003300,17170.0,15250.0,23800.0,17041.97,0.75,22.46,56.07,한일홀딩스,,2026-10-08T01:00:02
003310,1690.0,1355.0,6090.0,2449.1,-31.0,7.07,349.45,대주산업,,2026-10-08T01:00:02
003350,15300.0,6750.0,17910.0,10296.54,48.59,76.61,165.33,한국화장품제조,,2026-10-08T01:00:02
003460,2965.0,2630.0,4940.0,3072.64,-3.5,14.5,87.83,유화증권,,2026-10-08T01:00:02
003380,11560.0,7060.0,19610.0,11047.29,4.64,35.86,177.76,하림지주,,2026-10-08T01:00:02
003470,4230.0,3315.0,8400.0,4464.24,-5.25,17.99,153.39,유안타증권,,2026-10-08T01:00:02
003490,30500.0,21000.0,32500.0,24997.4,22.01,82.61,54.76,대한항공,,2026-10-08T01:00:02
003520,1045.0,998.0,2320.0,1653.17,-36.79,3.56,132.46,영진약품,,2026-10-08T01:00:02
003530,4385.0,3515.0,10300.0,5721.36,-23.36,12.82,193.03,한화투자증권,,2026-10-08T01:00:02
003540,24500.0,22750.0,51400.0,30378.25,-19.35,6.11,125.93,대신증권,,2026-10-08T01:00:02
003550,109900.0,70100.0,185900.0,95030.11,15.65,34.37,165.19,LG,,2026-10-08T01:00:02
003480,4695.0,4230.0,6790.0,4943.44,-5.03,18.16,60.52,한진중공업홀딩스,,2026-10-08T01:00:02
003580,2115.0,1000.0,3230.0,1951.71,8.37,50.0,223.0,HLB글로벌,,2026-10-08T01:00:02
003570,29500.0,25900.0,76400.0,46915.99,-37.12,7.13,194.98,SNT다이내믹스,,2026-10-08T01:00:02
003610,5460.0,4445.0,6280.0,5368.59,1.7,55.31,41.28,방림,,2026-10-08T01:00:02
003620,2620.0,2465.0,4670.0,3353.88,-21.88,7.03,89.45,KG모빌리티,,2026-10-08T01:00:02
003650,122400.0,104000.0,169000.0,122572.12,-0.14,28.31,62.5,미창석유공업,,2026-10-08T01:00:02
003670,197600.0,114700.0,299500.0,194727.88,1.47,44.86,161.12,포스코퓨처엠,,2026-10-08T01:00:02
003690,14450.0,10010.0,15660.0,12608.7,14.6,78.58,56.44,코리안리,,2026-10-08T01:00:02
003780,4235.0,3660.0,8090.0,5687.75,-25.54,12.98,121.04,진양산업,,2026-10-08T01:00:02
003720,6540.0,4365.0,13980.0,6938.85,-5.75,22.62,220.27,삼영,,2026-10-08T01:00:02
003830,109900.0,101200.0,148800.0,116818.22,-5.92,18.28,47.04,대한화섬,,2026-10-08T01:00:02
0037T0,1984.0,1901.0,2055.0,2004.72,-1.03,53.9,8.1,KB제32호스팩,,2026-10-08T01:00:02
003800,31850.0,26400.0,39850.0,31947.77,-0.31,40.52,50.95,에이스침대,,2026-10-08T01:00:02
003850,8660.0,7410.0,10800.0,8969.07,-3.45,36.87,45.75,보령,,2026-10-08T01:00:02
003920,41700.0,39500.0,60100.0,48968.77,-14.84,10.68,52.15,남양유업,,2026-10-08T01:00:02
0039P0,7820.0,4560.0,22500.0,7687.84,1.72,18.17,393.42,매드업,,2026-10-08T01:00:02
003960,27150.0,23200.0,43950.0,33700.93,-19.44,19.04,89.44,사조대림,,2026-10-08T01:00:02
004000,42650.0,41000.0,71800.0,47927.14,-11.01,5.36,75.12,롯데정밀화학,,2026-10-08T01:00:02
004020,28350.0,23650.0,50400.0,33340.52,-14.97,17.57,113.11,현대제철,,2026-10-08T01:00:02
004060,2180.0,2020.0,9030.0,3425.37,-36.36,2.28,347.03,SG세계물산,,2026-10-08T01:00:02
004080,14270.0,13150.0,16470.0,13874.91,2.85,33.73,25.25,신흥,,2026-10-08T01:00:02
004090,11670.0,9690.0,33575.0,13937.06,-16.27,8.29,246.49,한국석유공업,,2026-10-08T01:00:02
004140,1810.0,1617.0,3560.0,2451.25,-26.16,9.93,120.16,동방,,2026-10-08T01:00:02
004100,3235.0,1951.0,3790.0,2584.24,25.18,69.82,94.26,태양금속공업,,2026-10-08T01:00:02
004170,315000.0,160800.0,792000.0,359668.03,-12.42,24.43,392.54,신세계,,2026-10-08T01:00:02
004150,3535.0,2645.0,4695.0,3293.2,7.34,43.41,77.5,한솔홀딩스,,2026-10-08T01:00:02
0041B0,2015.0,1981.0,2110.0,2043.92,-1.42,26.36,6.51,교보18호스팩,,2026-10-08T01:00:02
0041J0,1998.0,1900.0,2065.0,2002.79,-0.24,59.39,8.68,엘에스스팩1호,,2026-10-08T01:00:02
0041L0,2005.0,1900.0,2055.0,2003.48,0.08,67.74,8.16,하나35호스팩,,2026-10-08T01:00:02
004250,2910.0,2415.0,4435.0,3586.82,-18.87,24.5,83.64,엔피씨,,2026-10-08T01:00:02
004310,7950.0,3500.0,15960.0,7193.62,10.51,35.71,356.0,현대약품,,2026-10-08T01:00:02
004370,393500.0,319000.0,579000.0,406840.15,-3.28,28.65,81.5,농심,,2026-10-08T01:00:02
004360,13660.0,11700.0,17110.0,14053.53,-2.8,36.23,46.24,세방,,2026-10-08T01:00:02
004410,1234.0,870.0,2830.0,1442.49,-14.45,18.57,225.29,서울식품공업,,2026-10-08T01:00:02
004380,7680.0,6760.0,14650.0,11339.7,-32.27,11.66,116.72,삼익THK,,2026-10-08T01:00:02
004440,5430.0,3990.0,11070.0,5574.76,-2.6,20.34,177.44,삼일씨엔에스,,2026-10-08T01:00:02
004430,11700.0,8470.0,16730.0,10315.99,13.42,39.1,97.52,송원산업,,2026-10-08T01:00:02
004450,27850.0,24100.0,36500.0,29015.43,-4.02,30.24,51.45,삼화왕관,,2026-10-08T01:00:02
004490,63800.0,46900.0,77700.0,61024.91,4.55,54.87,65.67,세방전지,,2026-10-08T01:00:02
004540,1224.0,1060.0,2405.0,1754.36,-30.23,12.19,126.89,깨끗한나라,,2026-10-08T01:00:02
0044K0,1999.0,1970.0,2150.0,2009.46,-0.52,16.11,9.14,삼성스팩10호,,2026-10-08T01:00:02
004590,5350.0,4375.0,8590.0,5209.94,2.69,23.13,96.34,한국가구,,2026-10-08T01:00:02
004650,9490.0,8770.0,13460.0,9766.17,-2.83,15.35,53.48,창해에탄올,,2026-10-08T01:00:02
004560,12050.0,9250.0,25500.0,13194.42,-8.67,17.23,175.68,현대비앤지스틸,,2026-10-08T01:00:02
004690,128200.0,107600.0,161900.0,130095.91,-1.46,37.94,50.46,삼천리,,2026-10-08T01:00:02
004710,11900.0,4229.0,16430.0,7328.43,62.38,62.87,288.51,한솔테크닉스,,2026-10-08T01:00:02
004700,67200.0,57600.0,84300.0,66120.82,1.63,35.96,46.35,조광피혁,,2026-10-08T01:00:02
004720,2880.0,2590.0,4630.0,3743.48,-23.07,14.22,78.76,팜젠사이언스,,2026-10-08T01:00:02
004770,1783.0,1418.0,2705.0,1669.58,6.79,28.36,90.76,써니전자,,2026-10-08T01:00:02
004780,4250.0,3400.0,4525.0,3836.6,10.78,75.56,33.09,대륙제관,,2026-10-08T01:00:02
004800,149600.0,82600.0,318000.0,148649.81,0.64,28.46,284.99,효성,,2026-10-08T01:00:02
004830,3445.0,2720.0,6670.0,4384.18,-21.42,18.35,145.22,덕성,,2026-10-08T01:00:02
004840,3980.0,3860.0,6470.0,4824.18,-17.5,4.6,67.62,DRB동일,,2026-10-08T01:00:02
004890,34300.0,32000.0,42150.0,37708.36,-9.04,22.66,31.72,동일산업,,2026-10-08T01:00:02
004910,3375.0,3225.0,6440.0,4539.0,-25.64,4.67,99.69,조광페인트,,2026-10-08T01:00:02
004970,8920.0,8500.0,10530.0,9297.77,-4.06,20.69,23.88,신라교역,,2026-10-08T01:00:02
004960,10920.0,7280.0,19510.0,11077.55,-1.42,29.76,167.99,한신공영,,2026-10-08T01:00:02
004980,8090.0,6780.0,15310.0,9422.3,-14.14,15.36,125.81,성신양회,,2026-10-08T01:00:02
004990,23150.0,21150.0,39600.0,27781.97,-16.67,10.84,87.23,롯데지주,,2026-10-08T01:00:02
005010,3930.0,3110.0,7300.0,4356.95,-9.8,19.57,134.73,휴스틸,,2026-10-08T01:00:02
005090,47500.0,20150.0,70700.0,39988.48,18.78,54.1,250.87,SGC에너지,,2026-10-08T01:00:02
005070,47550.0,26600.0,66400.0,47109.85,0.93,52.64,149.62,코스모신소재,,2026-10-08T01:00:02
005160,4175.0,2125.0,4485.0,2883.16,44.81,86.86,111.06,동국산업,,2026-10-08T01:00:02
005250,9800.0,8630.0,18010.0,13573.27,-27.8,12.47,108.69,녹십자홀딩스,,2026-10-08T01:00:02
005180,87600.0,61500.0,96000.0,75046.1,16.73,75.65,56.1,빙그레,,2026-10-08T01:00:02
005290,51100.0,27950.0,72200.0,45568.77,12.14,52.32,158.32,동진쎄미켐,,2026-10-08T01:00:02
005300,95000.0,93800.0,154800.0,115586.25,-17.81,1.97,65.03,롯데칠성음료,,2026-10-08T01:00:02
005380,325750.0,212000.0,783000.0,415716.54,-21.64,19.92,269.34,현대자동차,,2026-10-08T01:00:02
0054V0,1997.0,1950.0,5700.0,2039.44,-2.08,1.25,192.31,엔에이치스팩32호,,2026-10-08T01:00:02
005430,95600.0,54200.0,102600.0,70191.82,36.2,85.54,89.3,한국공항,,2026-10-08T01:00:02
005420,11630.0,7160.0,21650.0,14432.27,-19.42,30.85,202.37,코스모화학,,2026-10-08T01:00:02
005440,12960.0,7280.0,19790.0,11460.45,13.08,45.4,171.84,현대지에프홀딩스,,2026-10-08T01:00:02
005490,313000.0,258500.0,542000.0,339139.41,-7.71,19.22,109.67,POSCO홀딩스,,2026-10-08T01:00:02
005670,6160.0,5440.0,10220.0,6526.84,-5.62,15.06,87.87,푸드웰,,2026-10-08T01:00:02
005610,40700.0,34650.0,57800.0,47417.29,-14.17,26.13,66.81,삼립,,2026-10-08T01:00:02
005500,19920.0,16580.0,25900.0,19134.42,4.11,35.84,56.21,삼진제약,,2026-10-08T01:00:02
005680,12580.0,10070.0,17990.0,12446.43,1.07,31.69,78.65,삼영전자공업,,2026-10-08T01:00:02
005690,12930.0,8140.0,21150.0,14280.52,-9.46,36.82,159.83,파미셀,,2026-10-08T01:00:02
005710,10400.0,9510.0,18930.0,12213.05,-14.85,9.45,99.05,대원산업,,2026-10-08T01:00:02
005720,6350.0,4965.0,8090.0,6179.0,2.77,44.32,62.94,넥센,,2026-10-08T01:00:02
005800,13430.0,11400.0,22450.0,14538.55,-7.62,18.37,96.93,신영와코루,,2026-10-08T01:00:02
005750,4250.0,3845.0,6450.0,4804.07,-11.53,15.55,67.75,대림바스,,2026-10-08T01:00:02
005740,5200.0,4975.0,8150.0,6474.65,-19.69,7.09,63.82,크라운해태홀딩스,,2026-10-08T01:00:02
005810,35600.0,29450.0,60900.0,38847.77,-8.36,19.55,106.79,풍산홀딩스,,2026-10-08T01:00:02
005830,185800.0,118100.0,214000.0,154160.59,20.52,70.59,81.2,DB손해보험,,2026-10-08T01:00:02
005850,50300.0,32650.0,79500.0,51842.19,-2.97,37.67,143.49,에스엘,,2026-10-08T01:00:02
005820,14420.0,12580.0,17900.0,14728.66,-2.1,34.59,42.29,원림,,2026-10-08T01:00:02
005860,2295.0,2000.0,5340.0,3080.82,-25.51,8.83,167.0,한일사료,,2026-10-08T01:00:02
005870,4305.0,3550.0,11850.0,7065.91,-39.07,9.1,233.8,휴니드테크놀러지스,,2026-10-08T01:00:02
005880,2040.0,1639.0,3385.0,2034.57,0.27,22.97,106.53,대한해운,,2026-10-08T01:00:02
005930,266500.0,67500.0,374500.0,194046.84,37.34,64.82,454.81,삼성전자,,2026-10-08T01:00:02
005940,25300.0,18890.0,42600.0,26861.0,-5.81,27.04,125.52,NH투자증권,,2026-10-08T01:00:02
005950,11550.0,5060.0,17990.0,10026.39,15.2,50.19,255.53,이수화학,,2026-10-08T01:00:02
006040,34750.0,29850.0,51500.0,39919.89,-12.95,22.63,72.53,동원산업,,2026-10-08T01:00:02
005990,10360.0,9690.0,13000.0,10947.03,-5.36,20.24,34.16,매일홀딩스,,2026-10-08T01:00:02
005960,8290.0,5230.0,10610.0,6952.68,19.23,56.88,102.87,동부건설,,2026-10-08T01:00:02
006060,2270.0,2170.0,4540.0,3231.82,-29.76,4.22,109.22,화승인더스트리,,2026-10-08T01:00:02
006050,3080.0,2660.0,16950.0,10360.3,-70.27,2.94,537.22,국영지앤엠,,2026-10-08T01:00:02
006090,8830.0,7550.0,10530.0,8796.77,0.38,42.95,39.47,사조오양,,2026-10-08T01:00:02
006110,72400.0,19000.0,104600.0,40561.97,78.49,62.38,450.53,삼아알미늄,,2026-10-08T01:00:02
006140,5790.0,3980.0,12250.0,5853.85,-1.09,21.89,207.79,피제이전자,,2026-10-08T01:00:02
006120,72200.0,42750.0,72700.0,55832.9,29.31,98.33,70.06,SK디스커버리,,2026-10-08T01:00:02
006220,9550.0,8000.0,18840.0,12048.22,-20.74,14.3,135.5,제주은행,,2026-10-08T01:00:02
006280,128700.0,105900.0,183800.0,138548.33,-7.11,29.27,73.56,녹십자,,2026-10-08T01:00:02
006370,3000.0,2805.0,7270.0,5221.43,-42.54,4.37,159.18,대구백화점,,2026-10-08T01:00:02
006260,268000.0,161200.0,604000.0,280122.68,-4.33,24.12,274.69,LS,,2026-10-08T01:00:02
006360,32250.0,17790.0,44850.0,25910.74,24.47,53.44,152.11,GS건설,,2026-10-08T01:00:02
006340,12830.0,2765.0,20300.0,7757.97,65.38,57.4,634.18,대원전선,,2026-10-08T01:00:02
006400,582000.0,196800.0,723000.0,412515.99,41.09,73.2,267.38,삼성SDI,,2026-10-08T01:00:02
006490,1420.0,1245.0,7371.0,3826.61,-62.89,2.86,492.05,프리티,,2026-10-08T01:00:02
006620,3575.0,3315.0,6390.0,4794.68,-25.44,8.46,92.76,동구바이오제약,,2026-10-08T01:00:02
006570,1835.0,1612.0,3100.0,2182.68,-15.93,14.99,92.31,대림통상,,2026-10-08T01:00:02
006650,90600.0,79300.0,202500.0,128428.25,-29.45,9.17,155.36,대한유화,,2026-10-08T01:00:02
006660,13070.0,8790.0,20000.0,13023.01,0.36,38.18,127.53,삼성공조,,2026-10-08T01:00:02
006840,6640.0,5440.0,11660.0,8197.66,-19.0,19.29,114.34,AK홀딩스,,2026-10-08T01:00:02
006800,29550.0,18290.0,87800.0,40996.07,-27.92,16.2,380.04,미래에셋증권,,2026-10-08T01:00:02
006730,11710.0,8450.0,20450.0,11978.29,-2.24,27.17,142.01,서부T&D,,2026-10-08T01:00:02
006740,4260.0,4160.0,13660.0,7805.33,-45.42,1.05,228.37,블루산업개발,,2026-10-08T01:00:02
0068Y0,1992.0,1955.0,7700.0,2000.78,-0.44,0.64,293.86,비엔케이제3호스팩,,2026-10-08T01:00:02
006880,4255.0,3810.0,8430.0,6114.28,-30.41,9.63,121.26,신송홀딩스,,2026-10-08T01:00:02
006910,7090.0,3750.0,18200.0,7523.98,-5.77,23.11,385.33,보성파워텍,,2026-10-08T01:00:02
006890,4850.0,4780.0,11640.0,7482.66,-35.18,1.02,143.51,태경케미컬,,2026-10-08T01:00:02
006920,3010.0,2675.0,7630.0,3653.88,-17.62,6.76,185.23,모헨즈,,2026-10-08T01:00:02
0071M0,1997.0,1906.0,2465.0,2009.92,-0.64,16.28,29.33,삼성스팩11호,,2026-10-08T01:00:02
006980,16490.0,14500.0,25450.0,18025.46,-8.52,18.17,75.52,우성,,2026-10-08T01:00:02
007070,21900.0,15950.0,29950.0,22143.64,-1.1,42.5,87.77,GS리테일,,2026-10-08T01:00:02
007160,47750.0,39150.0,72800.0,51478.62,-7.24,25.56,85.95,사조산업,,2026-10-08T01:00:02
007120,976.0,780.0,2990.0,1211.29,-19.42,8.87,283.33,미래아이앤지,,2026-10-08T01:00:02
007210,1455.0,1296.0,2325.0,1739.0,-16.33,15.45,79.4,벽산,,2026-10-08T01:00:02
0072Z0,1978.0,1960.0,2020.0,1990.73,-0.64,30.0,3.06,KB제33호스팩,,2026-10-08T01:00:02
007280,2490.0,1693.0,3640.0,2683.57,-7.21,40.93,115.0,한국특강,,2026-10-08T01:00:02
007310,313000.0,290500.0,470000.0,362607.81,-13.68,12.53,61.79,오뚜기,,2026-10-08T01:00:02
007340,48350.0,21550.0,67500.0,34432.71,40.42,58.32,213.23,DN오토모티브,,2026-10-08T01:00:02
007330,9970.0,9038.0,13495.0,10319.21,-3.38,20.91,49.31,푸른저축은행,,2026-10-08T01:00:02
007390,24550.0,16550.0,36950.0,22857.99,7.4,39.22,123.26,네이처셀,,2026-10-08T01:00:02
007370,4010.0,3350.0,6040.0,4704.0,-14.75,24.54,80.3,진양제약,,2026-10-08T01:00:02
007530,1814.0,1395.0,3005.0,2291.05,-20.82,26.02,115.41,와이엠,,2026-10-08T01:00:02
007570,7980.0,7290.0,16240.0,11924.37,-33.08,7.71,122.77,일양약품,,2026-10-08T01:00:02
007590,5560.0,5270.0,6890.0,5901.12,-5.78,17.9,30.74,동방아그로,,2026-10-08T01:00:02
007540,46800.0,39750.0,73100.0,48793.68,-4.09,21.14,83.9,샘표,,2026-10-08T01:00:02
007660,124500.0,57900.0,164400.0,110408.55,12.76,62.54,183.94,이수페타시스,,2026-10-08T01:00:02
007680,2975.0,2870.0,6110.0,4070.84,-26.92,3.24,112.89,대원,,2026-10-08T01:00:02
007690,38700.0,29050.0,44450.0,36042.57,7.37,62.66,53.01,국도화학,,2026-10-08T01:00:02
007700,13500.0,13000.0,23350.0,17781.26,-24.08,4.83,79.62,F&F 홀딩스,,2026-10-08T01:00:02
007720,1097.0,993.0,5580.0,2666.93,-58.87,2.27,461.93,소노스퀘어,,2026-10-08T01:00:02
007820,3435.0,2475.0,7580.0,4355.33,-21.13,18.81,206.26,엠엑스로보틱스,,2026-10-08T01:00:02
007860,7480.0,6550.0,11990.0,9046.77,-17.32,17.1,83.05,서연,,2026-10-08T01:00:02
007770,7680.0,6010.0,9300.0,7868.18,-2.39,50.76,54.74,한일화학,,2026-10-08T01:00:02
007980,1774.0,1520.0,2235.0,1826.52,-2.88,35.52,47.04,TP,,2026-10-08T01:00:02
007810,88500.0,12020.0,148300.0,58627.73,50.95,56.12,1133.78,코리아써키트,,2026-10-08T01:00:02
008250,3300.0,2400.0,5910.0,3873.44,-14.8,25.64,146.25,이건산업,,2026-10-08T01:00:02
008260,3205.0,2800.0,4650.0,3449.28,-7.08,21.89,66.07,NI스틸,,2026-10-08T01:00:02
0082N0,12550.0,9170.0,70000.0,22576.71,-44.41,5.56,663.36,카나프테라퓨틱스,,2026-10-08T01:00:02
008060,16350.0,7800.0,24350.0,13161.52,24.23,51.66,212.18,대덕,,2026-10-08T01:00:02
008040,7830.0,6240.0,15360.0,9969.48,-21.46,17.43,146.15,사조동아원,,2026-10-08T01:00:02
008350,1079.0,881.0,3485.0,1284.82,-16.02,7.6,295.57,남선알미늄,,2026-10-08T01:00:02
008470,1650.0,1470.0,2350.0,1881.16,-12.29,20.45,59.86,부스타,,2026-10-08T01:00:02
008420,2075.0,1880.0,3580.0,2202.95,-5.81,11.47,90.43,문배철강,,2026-10-08T01:00:02
008370,5190.0,4360.0,5740.0,4983.72,4.14,60.14,31.65,원풍,,2026-10-08T01:00:02
008490,20300.0,16000.0,30800.0,22014.91,-7.79,29.05,92.5,서흥,,2026-10-08T01:00:02
008770,39000.0,38650.0,70300.0,48132.16,-18.97,1.11,81.89,호텔신라,,2026-10-08T01:00:02
008830,6190.0,5453.0,18803.0,10385.82,-40.4,5.52,244.82,대동기어,,2026-10-08T01:00:02
008730,15730.0,11150.0,39200.0,23795.06,-33.89,16.33,251.57,율촌화학,,2026-10-08T01:00:02
008700,1248.0,1024.0,1938.0,1303.95,-4.29,24.51,89.26,아남전자,,2026-10-08T01:00:02
0088D0,2075.0,1974.0,3200.0,2121.38,-2.19,8.24,62.11,메리츠제1호스팩,,2026-10-08T01:00:02
0088M0,15260.0,10370.0,73500.0,21058.86,-27.54,7.75,608.78,메쥬,,2026-10-08T01:00:02
008870,38950.0,37050.0,62600.0,47403.35,-17.83,7.44,68.96,금비,,2026-10-08T01:00:02
008930,54600.0,25600.0,68500.0,39240.33,39.14,67.6,167.58,한미사이언스,,2026-10-08T01:00:02
008970,1404.0,890.0,3284.0,1726.56,-18.68,21.47,268.99,KBI동양철관,,2026-10-08T01:00:02
009070,4220.0,3370.0,8390.0,5340.2,-20.98,16.93,148.96,케이씨티시,,2026-10-08T01:00:02
009140,23100.0,18500.0,35000.0,21956.69,5.21,27.88,89.19,경인전자,,2026-10-08T01:00:02
009150,1581000.0,158000.0,2417000.0,782312.64,102.09,62.99,1429.75,삼성전기,,2026-10-08T01:00:02
0091W0,2050.0,1966.0,5200.0,2040.32,0.47,2.6,164.5,신영스팩11호,,2026-10-08T01:00:02
009160,4900.0,3725.0,6900.0,4954.87,-1.11,37.01,85.23,SIMPAC,,2026-10-08T01:00:02
009180,2800.0,2470.0,3750.0,2845.09,-1.58,25.78,51.82,한솔로지스틱스,,2026-10-08T01:00:02
009200,1525.0,1256.0,2685.0,1826.54,-16.51,18.82,113.77,무림페이퍼,,2026-10-08T01:00:02
009240,40450.0,28300.0,54800.0,41217.84,-1.86,45.85,93.64,한샘,,2026-10-08T01:00:02
009270,1080.0,898.0,1890.0,1342.91,-19.58,18.35,110.47,신원,,2026-10-08T01:00:02
009290,6880.0,5150.0,12800.0,6647.99,3.49,22.61,148.54,광동제약,,2026-10-08T01:00:02
009300,14050.0,11950.0,17480.0,15282.08,-8.06,37.97,46.28,삼아제약,,2026-10-08T01:00:02
0093G0,1995.0,1941.0,4100.0,1992.84,0.11,2.5,111.23,미래에셋비전스팩8호,,2026-10-08T01:00:02
009320,985.0,793.0,1382.0,1004.7,-1.96,32.6,74.27,아진전자부품,,2026-10-08T01:00:02
009410,1618.0,1510.0,2275.0,1712.56,-5.52,14.12,50.66,태영건설,,2026-10-08T01:00:02
009420,44750.0,28950.0,73000.0,48517.1,-7.76,35.87,152.16,한올바이오파마,,2026-10-08T01:00:02
009450,61500.0,53000.0,83200.0,65240.52,-5.73,28.15,56.98,경동나비엔,,2026-10-08T01:00:02
009460,2700.0,1730.0,3965.0,2730.11,-1.1,43.4,129.19,한창제지,,2026-10-08T01:00:02
009470,27100.0,17800.0,59500.0,33566.58,-19.26,22.3,234.27,삼화전기,,2026-10-08T01:00:02
009520,13320.0,8270.0,23100.0,15424.94,-13.65,34.05,179.32,포스코엠텍,,2026-10-08T01:00:02
009540,300500.0,296000.0,494500.0,402195.17,-25.29,2.27,67.06,HD한국조선해양,,2026-10-08T01:00:02
009580,1762.0,1415.0,4420.0,2286.01,-22.92,11.55,212.37,무림P&P,,2026-10-08T01:00:02
0096D0,1998.0,1900.0,5900.0,2033.88,-1.76,2.45,210.53,미래에셋비전스팩9호,,2026-10-08T01:00:02
0096B0,1988.0,1880.0,6640.0,2117.59,-6.12,2.27,253.19,삼성스팩12호,,2026-10-08T01:00:02
009680,10040.0,9290.0,11980.0,10451.78,-3.94,27.88,28.96,모토닉,,2026-10-08T01:00:02
009730,2150.0,1080.0,8839.0,4479.0,-52.0,13.79,718.43,이렘,,2026-10-08T01:00:02
0097F0,1990.0,1950.0,5480.0,1994.05,-0.2,1.13,181.03,미래에셋비전스팩10호,,2026-10-08T01:00:02
009770,27500.0,24750.0,36450.0,29667.1,-7.3,23.5,47.27,삼정펄프,,2026-10-08T01:00:02
009780,7380.0,5740.0,13280.0,7654.76,-3.59,21.75,131.36,엠에스씨,,2026-10-08T01:00:02
0098T0,2010.0,1972.0,5440.0,2024.0,-0.69,1.1,175.86,교보19호스팩,,2026-10-08T01:00:02
009810,1882.0,1598.0,3656.0,2381.89,-20.99,13.8,128.79,플레이그램,,2026-10-08T01:00:02
0099W0,1982.0,1952.0,4965.0,1996.76,-0.74,1.0,154.35,미래에셋비전스팩11호,,2026-10-08T01:00:02
009830,36550.0,22000.0,55934.0,33071.55,10.52,42.88,154.25,한화솔루션,,2026-10-08T01:00:02
009900,8480.0,5390.0,14940.0,9006.51,-5.85,32.36,177.18,명신산업,,2026-10-08T01:00:02
009970,168400.0,125300.0,262000.0,184344.61,-8.65,31.53,109.1,영원무역홀딩스,,2026-10-08T01:00:02
010040,1691.0,1339.0,2470.0,1900.21,-11.01,31.12,84.47,한국내화,,2026-10-08T01:00:02
0101C0,1974.0,1900.0,3300.0,1992.37,-0.92,5.29,73.68,하나36호스팩,,2026-10-08T01:00:02
010060,240000.0,83400.0,414000.0,184001.49,30.43,47.37,396.4,OCI홀딩스,,2026-10-08T01:00:02
010120,197600.0,53800.0,335000.0,155484.76,27.09,51.14,522.68,엘에스일렉트릭,,2026-10-08T01:00:02
010140,19140.0,18440.0,35350.0,25381.15,-24.59,4.14,91.7,삼성중공업,,2026-10-08T01:00:02
010280,5720.0,4050.0,7950.0,5365.22,6.61,42.82,96.3,아이티센엔텍,,2026-10-08T01:00:02
010240,5180.0,4750.0,6110.0,5282.66,-1.94,31.62,28.63,흥국,,2026-10-08T01:00:02
010130,1045000.0,798000.0,2188000.0,1306665.43,-20.03,17.77,174.19,고려아연,,2026-10-08T01:00:02
010170,17000.0,1049.0,31500.0,8984.32,89.22,52.38,2902.86,대한광통신,,2026-10-08T01:00:02
010100,3410.0,3115.0,7950.0,4270.99,-20.16,6.1,155.22,한국무브넥스,,2026-10-08T01:00:02
010400,4020.0,2700.0,5400.0,3801.99,5.73,48.89,100.0,우진아이엔에스,,2026-10-08T01:00:02
010470,5080.0,4255.0,6910.0,5535.2,-8.22,31.07,62.4,오리콤,,2026-10-08T01:00:02
0105P0,2005.0,1951.0,3850.0,2000.38,0.23,2.84,97.33,유진스팩12호,,2026-10-08T01:00:02
010580,2190.0,1321.0,3495.0,2055.57,6.54,39.97,164.57,에스엠벡셀,,2026-10-08T01:00:02
010640,2065.0,1433.0,4484.0,2661.87,-22.42,20.71,212.91,진양폴리우레탄,,2026-10-08T01:00:02
010660,3035.0,2450.0,6760.0,4354.89,-30.31,13.57,175.92,화천기계,,2026-10-08T01:00:02
010690,7490.0,6410.0,16720.0,9558.88,-21.64,10.48,160.84,화신,,2026-10-08T01:00:02
010820,5880.0,3700.0,18730.0,6408.07,-8.24,14.5,406.22,퍼스텍,,2026-10-08T01:00:02
010950,168400.0,57600.0,177100.0,106447.96,58.2,92.72,207.47,S-Oil,,2026-10-08T01:00:02
010770,3550.0,3450.0,5390.0,3874.35,-8.37,5.15,56.23,평화홀딩스,,2026-10-08T01:00:02
010960,3075.0,2700.0,5500.0,3551.43,-13.42,13.39,103.7,삼호개발,,2026-10-08T01:00:02
011040,5060.0,4700.0,6270.0,5488.7,-7.81,22.93,33.4,경동제약,,2026-10-08T01:00:02
011070,574000.0,159800.0,1788000.0,456075.09,25.86,25.44,1018.9,LG이노텍,,2026-10-08T01:00:02
011080,559.0,353.0,12754.0,5063.71,-88.96,1.66,3513.03,형지I&C,,2026-10-08T01:00:02
011150,1881.0,1600.0,3350.0,2501.17,-24.8,16.06,109.38,CJ씨푸드,,2026-10-08T01:00:02
011170,60800.0,52500.0,119500.0,73057.25,-16.78,12.39,127.62,롯데케미칼,,2026-10-08T01:00:02
011200,20950.0,17910.0,24950.0,20664.05,1.38,43.18,39.31,HMM,,2026-10-08T01:00:02
011230,2580.0,2010.0,4925.0,2881.71,-10.47,19.55,145.02,삼화전자공업,,2026-10-08T01:00:02
011210,51400.0,46950.0,112600.0,69205.58,-25.73,6.78,139.83,현대위아,,2026-10-08T01:00:02
011280,1509.0,1302.0,2830.0,1875.36,-19.54,13.55,117.36,태림포장,,2026-10-08T01:00:02
011300,2750.0,1922.0,5880.0,3333.87,-17.51,20.92,205.93,우성머티리얼스,,2026-10-08T01:00:02
011320,3995.0,3410.0,5130.0,4084.65,-2.19,34.01,50.44,유니크,,2026-10-08T01:00:02
011330,4375.0,3060.0,17490.0,8784.96,-50.2,9.11,471.57,유니켐,,2026-10-08T01:00:02
011370,3760.0,3335.0,6190.0,4521.49,-16.84,14.89,85.61,서한,,2026-10-08T01:00:02
0115H0,1997.0,1960.0,9300.0,2145.81,-6.93,0.5,374.49,삼성스팩13호,,2026-10-08T01:00:02
011390,47000.0,33600.0,94600.0,66912.27,-29.76,21.97,181.55,부산산업,,2026-10-08T01:00:02
011420,1390.0,1201.0,2350.0,1772.0,-21.56,16.45,95.67,갤럭시아에스엠,,2026-10-08T01:00:02
011560,23200.0,11980.0,29300.0,18443.09,25.79,64.78,144.57,세보엠이씨,,2026-10-08T01:00:02
011700,2510.0,1767.0,5910.0,3414.52,-26.49,17.93,234.47,한신기계공업,,2026-10-08T01:00:02
011690,3720.0,2400.0,9900.0,4519.16,-17.68,17.6,312.5,와이투솔루션,,2026-10-08T01:00:02
011500,14870.0,9250.0,29450.0,17057.99,-12.83,27.82,218.38,한농화성,,2026-10-08T01:00:02
011760,24200.0,20050.0,32850.0,24351.86,-0.62,32.42,63.84,현대코퍼레이션,,2026-10-08T01:00:02
011780,115500.0,102800.0,162300.0,124358.74,-7.12,21.34,57.88,금호석유화학,,2026-10-08T01:00:02
011790,110400.0,61100.0,184400.0,103192.41,6.98,39.98,201.8,SKC,,2026-10-08T01:00:02
0117P0,5590.0,4455.0,42000.0,5976.31,-6.46,3.02,842.76,피스피스스튜디오,,2026-10-08T01:00:02
011930,20400.0,11300.0,49700.0,20874.83,-2.27,23.7,339.82,신성이엔지,,2026-10-08T01:00:02
0120G0,49500.0,23250.0,150900.0,66533.33,-25.6,20.56,549.03,삼양바이오팜,,2026-10-08T01:00:02
012160,2125.0,1281.0,4040.0,2500.89,-15.03,30.59,215.38,영흥,,2026-10-08T01:00:02
012030,2080.0,1257.0,2545.0,1666.77,24.79,63.9,102.47,DB,,2026-10-08T01:00:02
012280,3785.0,3280.0,5975.0,4553.88,-16.88,18.74,82.16,영화금속,,2026-10-08T01:00:02
012200,3045.0,1253.0,13494.0,4667.0,-34.75,14.64,976.94,계양전기,,2026-10-08T01:00:02
012320,46700.0,39000.0,103700.0,55912.64,-16.48,11.9,165.9,경동인베스트,,2026-10-08T01:00:02
012330,369500.0,283000.0,822000.0,424637.55,-12.98,16.05,190.46,현대모비스,,2026-10-08T01:00:02
012340,486.0,350.0,4610.0,1668.0,-70.86,3.19,1217.14,뉴인텍,,2026-10-08T01:00:02
012450,925000.0,783000.0,1655000.0,1116736.06,-17.17,16.28,111.37,한화에어로스페이스,,2026-10-08T01:00:02
0126Z0,349750.0,324500.0,773000.0,496179.58,-29.51,5.63,138.21,삼성에피스홀딩스,,2026-10-08T01:00:02
012610,3455.0,2565.0,6430.0,3766.39,-8.27,23.03,150.68,경인양행,,2026-10-08T01:00:02
012620,7220.0,6280.0,9850.0,7894.13,-8.54,26.33,56.85,원일특강,,2026-10-08T01:00:02
012690,1421.0,1275.0,2695.0,1994.91,-28.77,10.28,111.37,모나리자,,2026-10-08T01:00:02
012630,22400.0,15850.0,30650.0,21481.9,4.27,44.26,93.38,HDC,,2026-10-08T01:00:02
012750,83800.0,66800.0,103000.0,79006.69,6.07,46.96,54.19,에스원,,2026-10-08T01:00:02
012790,6560.0,4820.0,6820.0,5895.35,11.27,87.0,41.49,신일제약,,2026-10-08T01:00:02
012700,2890.0,2655.0,4205.0,3471.12,-16.74,15.16,58.38,리드코프,,2026-10-08T01:00:02
012800,1143.0,950.0,2095.0,1308.43,-12.64,16.86,120.53,대창,,2026-10-08T01:00:02
0129K0,1981.0,1799.0,7200.0,1983.76,-0.14,3.37,300.22,신한제18호스팩,,2026-10-08T01:00:02
0130H0,1996.0,1950.0,6870.0,2003.15,-0.36,0.93,252.31,엔에이치스팩33호,,2026-10-08T01:00:02
0130D0,1964.0,1930.0,6450.0,1985.12,-1.06,0.75,234.2,신한제17호스팩,,2026-10-08T01:00:02
013000,1210.0,1021.0,1680.0,1199.26,0.9,28.68,64.54,세우글로벌,,2026-10-08T01:00:02
013030,35000.0,27550.0,48100.0,34974.72,0.07,36.25,74.59,하이록코리아,,2026-10-08T01:00:02
0131D0,1967.0,1908.0,7530.0,1986.68,-0.99,1.05,294.65,키움히어로제2호스팩,,2026-10-08T01:00:02
0132G0,1997.0,1950.0,7280.0,1996.65,0.02,0.88,273.33,교보20호스팩,,2026-10-08T01:00:02
013120,2090.0,1919.0,3630.0,2621.32,-20.27,9.99,89.16,동원개발,,2026-10-08T01:00:02
0134X0,1985.0,1916.0,6710.0,1976.79,0.42,1.44,250.21,대신밸런스제20호스팩,,2026-10-08T01:00:02
013310,2305.0,2205.0,4895.0,3031.8,-23.97,3.72,122.0,아진산업,,2026-10-08T01:00:02
013360,1339.0,1105.0,2830.0,1636.56,-18.18,13.57,156.11,일성건설,,2026-10-08T01:00:02
013520,2490.0,1901.0,4000.0,2488.14,0.07,28.06,110.42,화승코퍼레이션,,2026-10-08T01:00:02
013700,1503.0,997.0,2005.0,1290.71,16.45,50.2,101.1,까뮤이앤씨,,2026-10-08T01:00:02
013570,4140.0,3615.0,5640.0,4495.54,-7.91,25.93,56.02,디와이,,2026-10-08T01:00:02
013580,21300.0,16300.0,33300.0,21912.64,-2.8,29.41,104.29,계룡건설산업,,2026-10-08T01:00:02
013720,2090.0,1450.0,6041.0,3430.8,-39.08,13.94,316.62,청보,,2026-10-08T01:00:02
013810,1514.0,1410.0,3675.0,2319.36,-34.72,4.59,160.64,스페코,,2026-10-08T01:00:02
013870,3795.0,3510.0,7140.0,4269.46,-11.11,7.85,103.42,지엠비코리아,,2026-10-08T01:00:02
013890,6740.0,6690.0,17480.0,11353.79,-40.64,0.46,161.29,지누스,,2026-10-08T01:00:02
014100,1544.0,1126.0,2160.0,1753.03,-11.92,40.43,91.83,메디앙스,,2026-10-08T01:00:02
013990,5280.0,3115.0,5670.0,4603.16,14.7,84.74,82.02,아가방컴퍼니,,2026-10-08T01:00:02
014130,2855.0,1957.0,3440.0,2792.49,2.24,60.55,75.78,한익스프레스,,2026-10-08T01:00:02
014190,1268.0,956.0,2730.0,1542.48,-17.79,17.59,185.56,원익큐브,,2026-10-08T01:00:02
014530,3410.0,2950.0,6470.0,3445.2,-1.02,13.07,119.32,극동유화,,2026-10-08T01:00:02
014440,4645.0,4200.0,5410.0,4634.81,0.22,36.78,28.81,영보화학,,2026-10-08T01:00:02
014470,1054.0,750.0,1582.0,1276.67,-17.44,36.54,110.93,부방,,2026-10-08T01:00:02
014280,4650.0,3420.0,8470.0,5139.7,-9.53,24.36,147.66,금강공업,,2026-10-08T01:00:02
014570,3210.0,3060.0,4700.0,3920.76,-18.13,9.15,53.59,고려제약,,2026-10-08T01:00:02
014580,3945.0,3590.0,5210.0,4449.31,-11.33,21.91,45.13,태경비케이,,2026-10-08T01:00:02
014620,29250.0,22550.0,53300.0,31521.56,-7.21,21.79,136.36,성광벤드,,2026-10-08T01:00:02
014680,270500.0,158600.0,346500.0,246603.35,9.69,59.55,118.47,한솔케미칼,,2026-10-08T01:00:02
014710,9980.0,6480.0,11240.0,8722.01,14.42,73.53,73.46,사조씨푸드,,2026-10-08T01:00:02
014790,2465.0,2110.0,4120.0,2756.34,-10.57,17.66,95.26,HL D&I,,2026-10-08T01:00:02
014820,22100.0,17520.0,30700.0,24792.6,-10.86,34.75,75.23,동원시스템즈,,2026-10-08T01:00:02
014830,60200.0,55800.0,101600.0,71791.45,-16.15,9.61,82.08,유니드,,2026-10-08T01:00:02
014910,1945.0,1039.0,4150.0,1804.0,7.82,29.12,299.42,성문전자,,2026-10-08T01:00:02
014940,4375.0,3530.0,12990.0,7169.22,-38.98,8.93,267.99,오리엔탈정공,,2026-10-08T01:00:02
014950,7990.0,3705.0,25050.0,10853.91,-26.39,20.07,576.11,삼익제약,,2026-10-08T01:00:02
014990,3820.0,1406.0,6405.0,3826.9,-0.18,48.29,355.55,인디에프,,2026-10-08T01:00:02
014970,4360.0,3545.0,11950.0,6361.97,-31.47,9.7,237.09,삼륭물산,,2026-10-08T01:00:02
015230,6480.0,5170.0,7490.0,6400.59,1.24,56.47,44.87,대창단조,,2026-10-08T01:00:02
015360,14620.0,11840.0,18190.0,14253.98,2.57,43.78,53.63,INVENI,,2026-10-08T01:00:02
015710,2930.0,2335.0,4540.0,3443.01,-14.9,26.98,94.43,코콤,,2026-10-08T01:00:02
015760,29525.0,29500.0,69500.0,42866.64,-31.12,0.06,135.59,한국전력공사,,2026-10-08T01:00:02
015750,5910.0,4880.0,11990.0,7001.97,-15.6,14.49,145.7,성우하이텍,,2026-10-08T01:00:02
015860,6940.0,4750.0,15430.0,7284.28,-4.73,20.51,224.84,일진홀딩스,,2026-10-08T01:00:02
015890,4815.0,4300.0,5520.0,4912.01,-1.97,42.21,28.37,태경산업,,2026-10-08T01:00:02
016360,86100.0,67400.0,163000.0,93360.22,-7.78,19.56,141.84,삼성증권,,2026-10-08T01:00:02
016380,5610.0,4825.0,7900.0,5603.23,0.12,25.53,63.73,KG스틸,,2026-10-08T01:00:02
016250,11890.0,9910.0,21750.0,14262.86,-16.64,16.72,119.48,SGC E&C,,2026-10-08T01:00:02
016090,1418.0,1369.0,1900.0,1642.01,-13.64,9.23,38.79,대현,,2026-10-08T01:00:02
016450,4285.0,3750.0,5040.0,4317.08,-0.74,41.47,34.4,한세예스24홀딩스,,2026-10-08T01:00:02
016100,1278.0,594.0,2660.0,1672.0,-23.56,33.11,347.81,리더스코스메틱,,2026-10-08T01:00:02
016580,10120.0,9160.0,12140.0,10630.0,-4.8,32.21,32.53,환인제약,,2026-10-08T01:00:02
016590,9070.0,8200.0,18150.0,11735.76,-22.71,8.74,121.34,신대양제지,,2026-10-08T01:00:02
016600,2215.0,1906.0,5637.0,3181.28,-30.37,8.28,195.75,큐캐피탈,,2026-10-08T01:00:02
016670,2565.0,1964.0,8960.0,4110.93,-37.61,8.59,356.21,디모아,,2026-10-08T01:00:02
016610,10000.0,7550.0,19350.0,11110.19,-9.99,20.76,156.29,DB증권,,2026-10-08T01:00:02
016710,6900.0,6550.0,9480.0,8043.23,-14.21,11.95,44.73,대성홀딩스,,2026-10-08T01:00:02
016740,4010.0,3040.0,5420.0,4009.42,0.01,40.76,78.29,두올,,2026-10-08T01:00:02
016880,1817.0,1690.0,5200.0,2676.41,-32.11,3.62,207.69,웅진,,2026-10-08T01:00:02
016800,23500.0,23450.0,50800.0,36912.27,-36.34,0.18,116.63,퍼시스,,2026-10-08T01:00:02
017000,2300.0,1975.0,4470.0,2761.18,-16.7,13.03,126.33,신원종합개발,,2026-10-08T01:00:02
016920,1013.0,782.0,1286.0,1040.98,-2.69,45.83,64.45,카스,,2026-10-08T01:00:02
017180,1300.0,1000.0,2055.0,1590.63,-18.27,28.44,105.5,명문제약,,2026-10-08T01:00:02
017250,1064.0,777.0,1291.0,1044.67,1.85,55.84,66.15,인터엠,,2026-10-08T01:00:02
017370,3625.0,3310.0,7840.0,5552.86,-34.72,6.95,136.86,우신시스템,,2026-10-08T01:00:02
017390,53800.0,51800.0,84200.0,61160.59,-12.03,6.17,62.55,서울도시가스,,2026-10-08T01:00:02
017480,4665.0,4110.0,6140.0,4666.08,-0.02,27.34,49.39,삼현철강,,2026-10-08T01:00:02
017510,7570.0,5090.0,17970.0,9315.87,-18.74,19.25,253.05,세명전기,,2026-10-08T01:00:02
017800,71100.0,61800.0,113400.0,82986.62,-14.32,18.02,83.5,현대엘리베이터,,2026-10-08T01:00:02
017670,85800.0,51400.0,139500.0,76504.46,12.15,39.05,171.4,SK텔레콤,,2026-10-08T01:00:02
017550,1802.0,1330.0,4045.0,1999.13,-9.86,17.38,204.14,수산세보틱스,,2026-10-08T01:00:02
017810,8740.0,8100.0,15950.0,11711.23,-25.37,8.15,96.91,풀무원,,2026-10-08T01:00:02
017890,16080.0,8840.0,16420.0,11764.5,36.68,95.51,85.75,한국알콜,,2026-10-08T01:00:02
017860,13090.0,9560.0,26450.0,17408.68,-24.81,20.9,176.67,DS단석,,2026-10-08T01:00:02
017940,91000.0,71000.0,114500.0,88424.54,2.91,45.98,61.27,E1,,2026-10-08T01:00:02
017960,19790.0,18530.0,54100.0,32947.99,-39.94,3.54,191.96,한국카본,,2026-10-08T01:00:02
018000,1176.0,681.0,1794.0,1131.4,3.94,44.47,163.44,유니슨,,2026-10-08T01:00:02
018260,201000.0,143700.0,388500.0,187210.04,7.37,23.41,170.35,삼성에스디에스,,2026-10-08T01:00:02
018120,16840.0,15900.0,19570.0,17661.3,-4.65,25.61,23.08,진로발효,,2026-10-08T01:00:02
018250,11260.0,10120.0,19100.0,13332.19,-15.54,12.69,88.74,애경산업,,2026-10-08T01:00:02
018290,13260.0,10290.0,37750.0,17658.1,-24.91,10.82,266.86,브이티,,2026-10-08T01:00:02
018310,15110.0,12570.0,23500.0,18225.06,-17.09,23.24,86.95,삼목에스폼,,2026-10-08T01:00:02
018470,5280.0,4260.0,11175.0,6277.06,-15.88,14.75,162.32,조일알미늄,,2026-10-08T01:00:02
018500,1314.0,1219.0,1967.0,1470.24,-10.63,12.7,61.36,동원금속,,2026-10-08T01:00:02
018620,2705.0,2120.0,4362.0,3135.58,-13.73,26.09,105.75,우진비앤지,,2026-10-08T01:00:02
018670,273000.0,196100.0,302000.0,238695.17,14.37,72.62,54.0,SK가스,,2026-10-08T01:00:02
018680,1933.0,1820.0,3330.0,2654.36,-27.18,7.48,82.97,서울제약,,2026-10-08T01:00:02
018880,3880.0,2755.0,5940.0,3775.57,2.77,35.32,115.61,한온시스템,,2026-10-08T01:00:02
018700,1261.0,801.0,3537.0,2121.66,-40.57,16.81,341.57,졸스,,2026-10-08T01:00:02
019170,9990.0,6310.0,15900.0,11400.48,-12.37,38.37,151.98,신풍제약,,2026-10-08T01:00:02
019010,4335.0,2270.0,7300.0,4008.35,8.15,41.05,221.59,베뉴지,,2026-10-08T01:00:02
019180,4985.0,4650.0,10270.0,6724.65,-25.87,5.96,120.86,티에이치엔,,2026-10-08T01:00:02
019210,12410.0,4900.0,28500.0,11368.55,9.16,31.82,481.63,와이지-원,,2026-10-08T01:00:02
019550,910.0,820.0,1922.0,1260.29,-27.79,8.17,134.39,SBI인베스트먼트,,2026-10-08T01:00:02
019540,5020.0,3715.0,8240.0,5308.59,-5.44,28.84,121.8,일지테크,,2026-10-08T01:00:02
019570,2920.0,2155.0,9380.0,3180.26,-8.18,10.59,335.27,플루토스,,2026-10-08T01:00:02
019660,1403.0,1366.0,3345.0,2276.8,-38.38,1.87,144.88,글로본,,2026-10-08T01:00:02
019680,1616.0,1573.0,4670.0,3042.2,-46.88,1.39,196.88,대교,,2026-10-08T01:00:02
019990,5450.0,3865.0,11860.0,7335.82,-25.71,19.82,206.86,에너토크,,2026-10-08T01:00:02
019770,3290.0,2845.0,4480.0,3660.5,-10.12,27.22,57.47,서연탑메탈,,2026-10-08T01:00:02
020000,21900.0,14180.0,28750.0,19137.4,14.44,52.99,102.75,한섬,,2026-10-08T01:00:02
020150,55200.0,21600.0,83100.0,39353.53,40.27,54.63,284.72,롯데에너지머티리얼즈,,2026-10-08T01:00:02
020120,6480.0,2800.0,9450.0,4029.33,60.82,55.34,237.5,키다리스튜디오,,2026-10-08T01:00:02
020180,3840.0,3730.0,8000.0,4982.84,-22.94,2.58,114.48,대신정보통신,,2026-10-08T01:00:02
020560,8150.0,6500.0,9600.0,7801.12,4.47,53.23,47.69,아시아나항공,,2026-10-08T01:00:02
020400,2520.0,2300.0,8900.0,3352.65,-24.84,3.33,286.96,대동금속,,2026-10-08T01:00:02
020710,3650.0,3150.0,5990.0,3968.31,-8.02,17.61,90.16,시공테크,,2026-10-08T01:00:02
021050,1111.0,885.0,1990.0,1179.51,-5.81,20.45,124.86,서원,,2026-10-08T01:00:02
021040,937.0,810.0,1973.0,1182.46,-20.76,10.92,143.58,대호특수강,,2026-10-08T01:00:02
021080,2040.0,1870.0,4000.0,2732.39,-25.34,7.98,113.9,에이티넘인베스트,,2026-10-08T01:00:02
021320,5580.0,4450.0,7840.0,5716.64,-2.39,33.33,76.18,KCC건설,,2026-10-08T01:00:02
021240,102700.0,68800.0,109200.0,89465.8,14.79,83.91,58.72,코웨이,,2026-10-08T01:00:02
021650,1936.0,1905.0,2510.0,2215.09,-12.6,5.12,31.76,한국큐빅,,2026-10-08T01:00:02
021820,10490.0,9030.0,17820.0,12113.23,-13.4,16.61,97.34,세원정공,,2026-10-08T01:00:02
021880,1154.0,1044.0,5205.0,2996.74,-61.49,2.64,398.56,메이슨캐피탈,,2026-10-08T01:00:02
022100,21050.0,16510.0,45600.0,27413.38,-23.21,15.61,176.2,포스코DX,,2026-10-08T01:00:02
022220,825.0,500.0,975.0,725.65,13.69,68.42,95.0,티케이지애강,,2026-10-08T01:00:02
023150,4580.0,3530.0,6230.0,4536.95,0.95,38.89,76.49,MH에탄올,,2026-10-08T01:00:02
023000,2200.0,2050.0,2560.0,2330.59,-5.6,29.41,24.88,삼원강재,,2026-10-08T01:00:02
023160,27000.0,19420.0,51300.0,28368.77,-4.82,23.78,164.16,태광,,2026-10-08T01:00:02
023350,3675.0,3335.0,6240.0,4549.22,-19.22,11.7,87.11,한국종합기술,,2026-10-08T01:00:02
023410,3235.0,2950.0,5200.0,3644.11,-11.23,12.67,76.27,유진기업,,2026-10-08T01:00:02
023450,31500.0,26100.0,35100.0,31000.74,1.61,60.0,34.48,동남합성,,2026-10-08T01:00:02
023590,36800.0,32300.0,62300.0,40986.62,-10.21,15.0,92.88,다우기술,,2026-10-08T01:00:02
023530,98500.0,62700.0,211000.0,105124.16,-6.3,24.14,236.52,롯데쇼핑,,2026-10-08T01:00:02
023600,9040.0,7710.0,11150.0,9351.26,-3.33,38.66,44.62,삼보판지,,2026-10-08T01:00:02
023760,1406.0,1224.0,2500.0,1623.96,-13.42,14.26,104.25,한국캐피탈,,2026-10-08T01:00:02
023770,2600.0,2135.0,6810.0,3146.75,-17.37,9.95,218.97,플레이위드,,2026-10-08T01:00:02
023790,1504.0,991.0,8807.0,2626.89,-42.75,6.56,788.7,동일스틸럭스,,2026-10-08T01:00:02
023810,5330.0,4430.0,13560.0,6871.02,-22.43,9.86,206.09,인팩,,2026-10-08T01:00:02
023800,5020.0,4770.0,8460.0,6217.27,-19.26,6.78,77.36,인지컨트롤스,,2026-10-08T01:00:02
023900,7110.0,6500.0,13140.0,8730.33,-18.56,9.19,102.15,풍국주정,,2026-10-08T01:00:02
023910,25850.0,24000.0,31700.0,28283.64,-8.6,24.03,32.08,대한약품,,2026-10-08T01:00:02
024060,12030.0,8920.0,36200.0,13850.67,-13.14,11.4,305.83,흥구석유,,2026-10-08T01:00:02
023960,1003.0,880.0,1958.0,1226.74,-18.24,11.41,122.5,에쓰씨엔지니어링,,2026-10-08T01:00:02
024070,1970.0,1646.0,3200.0,1951.14,0.97,20.85,94.41,WISCOM,,2026-10-08T01:00:02
024090,11360.0,10310.0,13230.0,11842.83,-4.08,35.96,28.32,디씨엠,,2026-10-08T01:00:02
024110,20000.0,18660.0,29550.0,21094.87,-5.19,12.3,58.36,기업은행,,2026-10-08T01:00:02
024120,3035.0,2905.0,4440.0,3439.63,-11.76,8.47,52.84,KB오토시스,,2026-10-08T01:00:02
024740,2130.0,1750.0,4800.0,2427.7,-12.26,12.46,174.29,한일단조,,2026-10-08T01:00:02
024720,9370.0,7200.0,14550.0,9943.98,-5.77,29.52,102.08,콜마홀딩스,,2026-10-08T01:00:02
024800,4220.0,2110.0,5980.0,3552.17,18.8,54.52,183.41,유성티엔에스,,2026-10-08T01:00:02
024830,8140.0,7970.0,14000.0,10192.79,-20.14,2.82,75.66,세원물산,,2026-10-08T01:00:02
024880,3835.0,3310.0,6880.0,5056.54,-24.16,14.71,107.85,케이피에프,,2026-10-08T01:00:02
024850,18480.0,7460.0,29100.0,13785.74,34.05,50.92,290.08,HLB이노베이션,,2026-10-08T01:00:02
024910,1510.0,1000.0,3035.0,1731.43,-12.79,25.06,203.5,경창산업,,2026-10-08T01:00:02
024900,2185.0,1643.0,2600.0,2066.25,5.75,56.64,58.25,디와이덕양,,2026-10-08T01:00:02
024940,2075.0,1778.0,6000.0,3763.76,-44.87,7.03,237.46,PN풍년,,2026-10-08T01:00:02
024950,4210.0,2795.0,7450.0,4394.11,-4.19,30.4,166.55,삼천리자전거,,2026-10-08T01:00:02
025000,58600.0,44711.0,59800.0,50027.01,17.14,92.05,33.75,KPX케미칼,,2026-10-08T01:00:02
025320,4020.0,2990.0,8330.0,5520.27,-27.18,19.29,178.6,시노펙스,,2026-10-08T01:00:02
025440,3195.0,3110.0,7650.0,4032.32,-20.77,1.87,145.98,DH오토웨어,,2026-10-08T01:00:02
025540,54400.0,53900.0,94000.0,68359.85,-20.42,1.25,74.4,한국단자공업,,2026-10-08T01:00:02
025530,3660.0,3180.0,4005.0,3639.14,0.57,58.18,25.94,에스제이엠홀딩스,,2026-10-08T01:00:02
025550,2340.0,1801.0,5050.0,3165.59,-26.08,16.59,180.4,한국선재,,2026-10-08T01:00:02
025560,8010.0,2044.0,13400.0,4421.58,81.16,52.54,555.58,미래산업,,2026-10-08T01:00:02
025620,5550.0,3795.0,19780.0,8854.89,-37.32,10.98,421.21,차AI헬스케어,,2026-10-08T01:00:02
025750,1857.0,1680.0,3565.0,2663.39,-30.28,9.39,112.2,한솔홈데코,,2026-10-08T01:00:02
025770,7790.0,6915.0,16500.0,8318.59,-6.35,9.13,138.61,한국정보통신,,2026-10-08T01:00:02
025820,4160.0,3305.0,7170.0,4925.33,-15.54,22.12,116.94,이구산업,,2026-10-08T01:00:02
025860,6020.0,5250.0,12820.0,6918.22,-12.98,10.17,144.19,남해화학,,2026-10-08T01:00:02
025880,2330.0,2270.0,3375.0,2671.47,-12.78,5.43,48.68,케이씨피드,,2026-10-08T01:00:02
025900,7420.0,4500.0,12980.0,8828.1,-15.95,34.43,188.44,동화기업,,2026-10-08T01:00:02
025890,2595.0,1494.0,2790.0,2015.54,28.75,84.95,86.75,한국주강,,2026-10-08T01:00:02
025980,4930.0,3150.0,10480.0,6743.88,-26.9,24.28,232.7,아난티,,2026-10-08T01:00:02
025950,9890.0,8170.0,30200.0,14778.1,-33.08,7.81,269.65,동신건설,,2026-10-08T01:00:02
026040,2160.0,1491.0,4980.0,2778.35,-22.26,19.17,234.0,제이에스티나,,2026-10-08T01:00:02
026150,3900.0,3145.0,7690.0,5498.55,-29.07,16.61,144.52,특수건설,,2026-10-08T01:00:02
026890,8200.0,5990.0,13390.0,9424.16,-12.99,29.86,123.54,스틱인베스트먼트,,2026-10-08T01:00:02
026910,2400.0,1442.0,6800.0,2985.83,-19.62,17.88,371.57,광진실업,,2026-10-08T01:00:02
026940,2060.0,1725.0,4690.0,2212.16,-6.88,11.3,171.88,부국철강,,2026-10-08T01:00:02
026960,26400.0,22350.0,30950.0,26458.18,-0.22,47.09,38.48,동서,,2026-10-08T01:00:02
027040,1945.0,895.0,6375.0,1610.74,20.75,19.16,612.29,서울전자통신,,2026-10-08T01:00:02
027050,1312.0,1150.0,3055.0,1939.13,-32.34,8.5,165.65,코리아나,,2026-10-08T01:00:02
027360,3600.0,1913.0,19950.0,5290.34,-31.95,9.35,942.86,아주IB투자,,2026-10-08T01:00:02
027410,3795.0,3605.0,5420.0,4131.26,-8.14,10.47,50.35,BGF,,2026-10-08T01:00:02
027580,1891.0,1150.0,5360.0,3023.0,-37.45,17.6,366.09,상보,,2026-10-08T01:00:02
027740,1139.0,913.0,1868.0,1469.91,-22.51,23.66,104.6,마니커,,2026-10-08T01:00:02
027710,1101.0,925.0,1656.0,1182.28,-6.87,24.08,79.03,팜스토리,,2026-10-08T01:00:02
027830,735.0,580.0,1856.0,1375.09,-46.55,12.15,220.0,대성창투,,2026-10-08T01:00:02
028050,47750.0,23150.0,67300.0,38059.85,25.46,55.72,190.71,삼성E&A,,2026-10-08T01:00:02
027970,2705.0,2525.0,4285.0,3526.82,-23.3,10.23,69.7,한국제지,,2026-10-08T01:00:02
028260,325000.0,165000.0,565000.0,307937.92,5.54,40.0,242.42,삼성물산,,2026-10-08T01:00:02
028100,19660.0,13200.0,22500.0,16740.56,17.44,69.46,70.45,동아지질,,2026-10-08T01:00:02
028300,46250.0,24150.0,69200.0,46542.57,-0.63,49.06,186.54,HLB,,2026-10-08T01:00:02
028670,6070.0,3485.0,6600.0,4865.91,24.75,82.99,89.38,팬오션,,2026-10-08T01:00:02
029480,1344.0,1171.0,3130.0,2029.92,-33.79,8.83,167.29,광무,,2026-10-08T01:00:02
029530,38000.0,37000.0,73200.0,46028.25,-17.44,2.76,97.84,신도리코,,2026-10-08T01:00:02
029460,46850.0,20850.0,47900.0,31131.23,50.49,96.12,129.74,케이씨,,2026-10-08T01:00:02
029780,41300.0,41300.0,69200.0,51551.86,-19.89,0.0,67.55,삼성카드,,2026-10-08T01:00:02
030000,19020.0,17100.0,23300.0,20088.14,-5.32,30.97,36.26,제일기획,,2026-10-08T01:00:02
030190,16650.0,13010.0,18500.0,15522.12,7.27,66.3,42.2,NICE평가정보,,2026-10-08T01:00:02
030210,3960.0,3005.0,5740.0,3794.93,4.35,34.92,91.01,다올투자증권,,2026-10-08T01:00:02
030200,51300.0,48100.0,69400.0,54659.11,-6.15,15.02,44.28,케이티,,2026-10-08T01:00:02
030520,18010.0,14800.0,27800.0,21219.44,-15.13,24.69,87.84,한글과컴퓨터,,2026-10-08T01:00:02
030610,9680.0,8120.0,18220.0,10762.16,-10.06,15.45,124.38,교보증권,,2026-10-08T01:00:02
030960,4625.0,4000.0,9820.0,6884.44,-32.82,10.74,145.5,양지사,,2026-10-08T01:00:02
031210,42250.0,39650.0,64800.0,48031.6,-12.04,10.34,63.43,서울보증보험,,2026-10-08T01:00:02
031310,979.0,810.0,2765.0,1377.37,-28.92,8.64,241.36,아이즈비전,,2026-10-08T01:00:02
031510,1121.0,851.0,1324.0,1066.1,5.15,57.08,55.58,오스템,,2026-10-08T01:00:02
031330,8610.0,2860.0,19950.0,6948.9,23.9,33.65,597.55,에스에이엠티,,2026-10-08T01:00:02
031430,11090.0,9550.0,17130.0,11695.87,-5.18,20.32,79.37,신세계인터내셔날,,2026-10-08T01:00:02
031820,5830.0,4570.0,9980.0,6229.63,-6.41,23.29,118.38,아이티센씨티에스,,2026-10-08T01:00:02
031980,214000.0,32800.0,215000.0,92574.35,131.17,99.45,555.49,피에스케이홀딩스,,2026-10-08T01:00:02
032190,18670.0,15940.0,31450.0,20262.64,-7.86,17.6,97.3,다우데이타,,2026-10-08T01:00:02
032280,1320.0,995.0,1510.0,1357.54,-2.76,63.11,51.76,삼일,,2026-10-08T01:00:02
032300,8690.0,6350.0,14950.0,11153.57,-22.09,27.21,135.43,한국파마,,2026-10-08T01:00:02
032350,11290.0,10150.0,27700.0,18025.06,-37.36,6.5,172.91,롯데관광개발,,2026-10-08T01:00:02
032500,19960.0,11500.0,40000.0,19471.82,2.51,29.68,247.83,케이엠더블유,,2026-10-08T01:00:02
032540,3820.0,2995.0,4600.0,3685.24,3.66,51.4,53.59,TJ미디어,,2026-10-08T01:00:02
032560,5550.0,4915.0,6580.0,5767.62,-3.77,38.14,33.88,황금에스티,,2026-10-08T01:00:02
032620,3215.0,2645.0,4390.0,3633.14,-11.51,32.66,65.97,GC메디아이,,2026-10-08T01:00:02
032640,14530.0,13600.0,18800.0,15286.51,-4.95,17.88,38.24,LG유플러스,,2026-10-08T01:00:02
032680,996.0,691.0,1775.0,1206.06,-17.42,28.14,156.87,소프트센,,2026-10-08T01:00:02
032750,2905.0,2595.0,4205.0,3398.55,-14.52,19.25,62.04,삼진,,2026-10-08T01:00:02
032800,1488.0,1399.0,3315.0,2139.39,-30.45,4.65,136.95,판타지오,,2026-10-08T01:00:02
032820,11920.0,3540.0,30200.0,11248.74,5.97,31.43,753.11,우리기술,,2026-10-08T01:00:02
032830,274000.0,141500.0,516500.0,241664.68,13.38,35.33,265.02,삼성생명,,2026-10-08T01:00:02
032850,4005.0,3410.0,5920.0,4694.03,-14.68,23.71,73.61,비트컴퓨터,,2026-10-08T01:00:02
032940,8830.0,4215.0,17800.0,8681.75,1.71,33.97,322.3,원익,,2026-10-08T01:00:02
032860,3500.0,2525.0,9875.0,5687.16,-38.46,13.27,291.09,더라미,,2026-10-08T01:00:02
032960,2635.0,1740.0,3810.0,2646.96,-0.45,43.24,118.97,동일기연,,2026-10-08T01:00:02
033050,811.0,659.0,1122.0,848.94,-4.47,32.83,70.26,제이엠아이,,2026-10-08T01:00:02
033100,48350.0,31850.0,93800.0,45872.3,5.4,26.63,194.51,제룡전기,,2026-10-08T01:00:02
033130,1699.0,1358.0,3070.0,1935.23,-12.21,19.92,126.07,디지틀조선,,2026-10-08T01:00:02
033160,20550.0,7830.0,37000.0,14826.21,38.61,43.61,372.54,엠케이전자,,2026-10-08T01:00:02
033200,2405.0,2125.0,5300.0,3251.21,-26.03,8.82,149.41,모아텍,,2026-10-08T01:00:02
033170,3460.0,1600.0,5915.0,3402.37,1.69,43.11,269.69,시그네틱스,,2026-10-08T01:00:02
033230,1117.0,801.0,2430.0,1575.17,-29.09,19.4,203.37,인성정보,,2026-10-08T01:00:02
033270,17860.0,16100.0,21800.0,19032.19,-6.16,30.88,35.4,유나이티드,,2026-10-08T01:00:02
033250,4055.0,2660.0,6100.0,4733.72,-14.34,40.55,129.32,체시스,,2026-10-08T01:00:02
033290,1541.0,1390.0,2485.0,1902.15,-18.99,13.79,78.78,로젠,,2026-10-08T01:00:02
033240,27200.0,16600.0,60000.0,29532.97,-7.9,24.42,261.45,자화전자,,2026-10-08T01:00:02
033310,1420.0,1100.0,2415.0,1699.81,-16.46,24.33,119.55,엠투엔,,2026-10-08T01:00:02
033320,3130.0,2435.0,5840.0,4059.18,-22.89,20.41,139.84,제이씨현시스템,,2026-10-08T01:00:02
033530,6860.0,5240.0,12640.0,7840.82,-12.51,21.89,141.22,SJG세종,,2026-10-08T01:00:02
033540,2770.0,2595.0,8390.0,5166.17,-46.38,3.02,223.31,파라텍,,2026-10-08T01:00:02
033560,5860.0,2685.0,5990.0,3561.39,64.54,96.07,123.09,블루콤,,2026-10-08T01:00:02
033780,178200.0,129700.0,192400.0,160187.73,11.24,77.35,48.34,케이티앤지,,2026-10-08T01:00:02
033790,11010.0,3445.0,19150.0,6845.37,60.84,48.17,455.88,피노,,2026-10-08T01:00:02
033640,32600.0,11400.0,41150.0,20933.57,55.73,71.26,260.96,네패스,,2026-10-08T01:00:02
034020,76800.0,57000.0,139200.0,87109.67,-11.84,24.09,144.21,두산에너빌리티,,2026-10-08T01:00:02
033830,1703.0,1479.0,3565.0,2654.09,-35.83,10.74,141.04,티비씨,,2026-10-08T01:00:02
034120,11680.0,10500.0,21700.0,16093.57,-27.42,10.54,106.67,SBS,,2026-10-08T01:00:02
033920,7300.0,7080.0,10490.0,8286.99,-11.91,6.45,48.16,무학,,2026-10-08T01:00:02
034220,8300.0,8090.0,17950.0,12030.78,-31.01,2.13,121.88,LG디스플레이,,2026-10-08T01:00:02
034230,9800.0,9060.0,24000.0,15588.4,-37.13,4.95,164.9,파라다이스,,2026-10-08T01:00:02
034310,11640.0,10660.0,15430.0,13209.33,-11.88,20.55,44.75,NICE,,2026-10-08T01:00:02
034590,26200.0,24600.0,28300.0,26315.61,-0.44,43.24,15.04,인천도시가스,,2026-10-08T01:00:02
034730,575000.0,200500.0,883000.0,410946.1,39.92,54.87,340.4,SK,,2026-10-08T01:00:02
034810,5860.0,5350.0,9090.0,7295.84,-19.68,13.64,69.91,해성산업,,2026-10-08T01:00:02
034830,1116.0,1039.0,1878.0,1309.78,-14.79,9.18,80.75,한국토지신탁,,2026-10-08T01:00:02
035080,11790.0,7220.0,15300.0,11554.09,2.04,56.56,111.91,그래디언트,,2026-10-08T01:00:02
034940,2600.0,2485.0,7100.0,4283.05,-39.3,2.49,185.71,조아제약,,2026-10-08T01:00:02
034950,103400.0,92400.0,115000.0,100869.14,2.51,48.67,24.46,한국기업평가,,2026-10-08T01:00:02
035000,6420.0,5750.0,9390.0,7933.83,-19.08,18.41,63.3,HS애드,,2026-10-08T01:00:02
035150,10290.0,9050.0,15140.0,12233.9,-15.89,20.36,67.29,백산,,2026-10-08T01:00:02
035200,2540.0,2390.0,5900.0,3383.87,-24.94,4.27,146.86,프럼파스트,,2026-10-08T01:00:02
035420,183800.0,181100.0,304000.0,229053.9,-19.76,2.2,67.86,NAVER,,2026-10-08T01:00:02
035250,14280.0,13920.0,19590.0,16627.81,-14.12,6.35,40.73,강원랜드,,2026-10-08T01:00:02
035460,2585.0,1683.0,7230.0,2382.4,8.5,16.26,329.59,기산텔레콤,,2026-10-08T01:00:02
035510,15050.0,10310.0,29300.0,16129.41,-6.69,24.96,184.19,신세계I&C,,2026-10-08T01:00:02
035600,9690.0,8920.0,12280.0,10352.86,-6.4,22.92,37.67,KG이니시스,,2026-10-08T01:00:02
035720,32450.0,32200.0,69700.0,49529.37,-34.48,0.67,116.46,카카오,,2026-10-08T01:00:02
035610,4835.0,3155.0,5600.0,3995.35,21.02,68.71,77.5,솔본,,2026-10-08T01:00:02
035760,35300.0,28100.0,82300.0,53853.72,-34.45,13.28,192.88,CJ ENM,,2026-10-08T01:00:02
035620,625.0,555.0,2188.0,1261.15,-50.44,4.29,294.23,바른손이앤에이,,2026-10-08T01:00:02
035810,4500.0,3615.0,9290.0,4793.79,-6.13,15.59,156.98,이지홀딩스,,2026-10-08T01:00:02
035890,2145.0,1866.0,4000.0,2805.09,-23.53,13.07,114.36,서희건설,,2026-10-08T01:00:02
035900,37950.0,36950.0,88500.0,61104.83,-37.89,1.94,139.51,JYP Ent.,,2026-10-08T01:00:02
036000,2730.0,2505.0,4035.0,3086.15,-11.54,14.71,61.08,예림당,,2026-10-08T01:00:02
036010,8230.0,4360.0,14260.0,8184.93,0.55,39.09,227.06,아비코전자,,2026-10-08T01:00:02
036030,5070.0,4220.0,6100.0,5009.22,1.21,45.21,44.55,케이티알파,,2026-10-08T01:00:02
036090,1389.0,980.0,2774.0,1739.07,-20.13,22.8,183.06,위지트,,2026-10-08T01:00:02
036120,1516.0,1400.0,2530.0,1923.49,-21.19,10.27,80.71,서울평가정보,,2026-10-08T01:00:02
036190,33350.0,28350.0,42500.0,33175.84,0.52,35.34,49.91,금화피에스시,,2026-10-08T01:00:02
036170,3255.0,801.0,10240.0,2770.75,17.48,26.0,1178.4,에이치엠넥스,,2026-10-08T01:00:02
036200,11040.0,6000.0,14390.0,9831.19,12.3,60.07,139.83,유니셈,,2026-10-08T01:00:02
036220,6680.0,5200.0,17230.0,9883.79,-32.41,12.3,231.35,오상헬스케어,,2026-10-08T01:00:02
036460,35900.0,31150.0,45700.0,37913.38,-5.31,32.65,46.71,한국가스공사,,2026-10-08T01:00:02
036480,6090.0,5400.0,10960.0,7034.68,-13.43,12.41,102.96,대성미생물,,2026-10-08T01:00:02
036530,44400.0,44200.0,89000.0,57218.22,-22.4,0.45,101.36,SNT홀딩스,,2026-10-08T01:00:02
036540,11760.0,3240.0,12370.0,6082.57,93.34,93.32,281.79,SFA반도체,,2026-10-08T01:00:02
036560,11760.0,11110.0,19130.0,13674.61,-14.0,8.1,72.19,KZ정밀,,2026-10-08T01:00:02
036580,2460.0,2185.0,4865.0,2793.61,-11.94,10.26,122.65,팜스코,,2026-10-08T01:00:02
036570,220500.0,176100.0,343500.0,228963.94,-3.7,26.52,95.06,NC,,2026-10-08T01:00:02
036620,3770.0,3540.0,7700.0,5282.04,-28.63,5.53,117.51,감성코퍼레이션,,2026-10-08T01:00:02
036630,7780.0,5540.0,15450.0,8559.29,-9.1,22.6,178.88,세종텔레콤,,2026-10-08T01:00:02
036640,5080.0,4275.0,5640.0,5087.1,-0.14,58.97,31.93,HRS,,2026-10-08T01:00:02
036670,5030.0,4710.0,7440.0,5990.46,-16.03,11.72,57.96,삼양케이씨아이,,2026-10-08T01:00:02
036710,5150.0,1494.0,6500.0,3388.34,51.99,73.03,335.07,심텍홀딩스,,2026-10-08T01:00:02
036810,34550.0,15000.0,51000.0,32306.23,6.95,54.31,240.0,에프에스티,,2026-10-08T01:00:02
036830,48750.0,25750.0,80800.0,44973.05,8.4,41.78,213.79,솔브레인홀딩스,,2026-10-08T01:00:02
036800,8130.0,4190.0,8750.0,5488.4,48.13,86.4,108.83,나이스정보통신,,2026-10-08T01:00:02
036890,10870.0,10840.0,21100.0,14126.36,-23.05,0.29,94.65,진성티이씨,,2026-10-08T01:00:02
036930,262000.0,26200.0,284000.0,100204.46,161.47,91.47,983.97,주성엔지니어링,,2026-10-08T01:00:02
037230,1330.0,1190.0,3850.0,1845.23,-27.92,5.26,223.53,한국팩키지,,2026-10-08T01:00:02
037030,3900.0,2420.0,10400.0,3898.98,0.03,18.55,329.75,파워넷,,2026-10-08T01:00:02
037070,6880.0,4990.0,9980.0,7148.74,-3.76,37.88,100.0,파세코,,2026-10-08T01:00:02
037270,3085.0,2715.0,9290.0,5446.49,-43.36,5.63,242.17,YG PLUS,,2026-10-08T01:00:02
037350,8380.0,4655.0,14450.0,7837.3,6.92,38.03,210.42,성도이엔지,,2026-10-08T01:00:02
037370,4285.0,2510.0,7670.0,4884.07,-12.27,34.4,205.58,EG,,2026-10-08T01:00:02
037400,3495.0,3065.0,6060.0,4528.38,-22.82,14.36,97.72,우리엔터프라이즈,,2026-10-08T01:00:02
037440,4050.0,3095.0,7460.0,4502.16,-10.04,21.88,141.03,희림,,2026-10-08T01:00:02
037460,31400.0,10900.0,64500.0,25162.27,24.79,38.25,491.74,삼지전자,,2026-10-08T01:00:02
037560,1545.0,1435.0,3660.0,2193.03,-29.55,4.94,155.05,LG헬로비전,,2026-10-08T01:00:02
037760,2495.0,1601.0,2730.0,2069.45,20.56,79.19,70.52,쎄니트,,2026-10-08T01:00:02
037950,2705.0,2390.0,5352.0,3786.62,-28.56,10.63,123.93,엘컴텍,,2026-10-08T01:00:02
038010,5450.0,4590.0,7990.0,6106.95,-10.76,25.29,74.07,제일테크노스,,2026-10-08T01:00:02
037710,33700.0,29450.0,59600.0,35034.01,-3.81,14.1,102.38,광주신세계,,2026-10-08T01:00:02
038070,4105.0,3600.0,7775.0,5749.94,-28.61,12.1,115.97,서린바이오,,2026-10-08T01:00:02
038110,2030.0,1641.0,5180.0,2873.22,-29.35,10.99,215.66,에코플라스틱,,2026-10-08T01:00:02
038290,12270.0,10440.0,20900.0,14878.48,-17.53,17.5,100.19,마크로젠,,2026-10-08T01:00:02
038390,10010.0,9000.0,13330.0,10883.09,-8.02,23.33,48.11,레드캡투어,,2026-10-08T01:00:02
038460,2860.0,2305.0,6930.0,3411.15,-16.16,12.0,200.65,바이오스마트,,2026-10-08T01:00:02
038540,1976.0,1601.0,2545.0,1987.2,-0.56,39.72,58.96,상상인,,2026-10-08T01:00:02
038620,2110.0,1678.0,3415.0,2501.49,-15.65,24.87,103.52,위즈코프,,2026-10-08T01:00:02
038680,3915.0,2835.0,6280.0,3694.42,5.97,31.35,121.52,에스넷,,2026-10-08T01:00:02
038870,2155.0,1365.0,4435.0,2790.87,-22.78,25.73,224.91,에코심플렉스,,2026-10-08T01:00:02
038880,3575.0,1855.0,10050.0,6172.79,-42.08,20.99,441.78,아이에이,,2026-10-08T01:00:02
038950,2820.0,2740.0,3735.0,3151.99,-10.53,8.04,36.31,파인디지털,,2026-10-08T01:00:02
039010,8060.0,5550.0,12450.0,8427.1,-4.36,36.38,124.32,현대에이치티,,2026-10-08T01:00:02
039020,2595.0,2215.0,5390.0,3536.56,-26.62,11.97,143.34,이건홀딩스,,2026-10-08T01:00:02
039030,534000.0,188700.0,623000.0,364577.32,46.47,79.51,230.15,이오테크닉스,,2026-10-08T01:00:02
039130,30000.0,28600.0,53400.0,41425.65,-27.58,5.65,86.71,하나투어,,2026-10-08T01:00:02
039200,38100.0,27300.0,66000.0,44411.15,-14.21,27.91,141.76,오스코텍,,2026-10-08T01:00:02
039240,1948.0,1548.0,3430.0,2513.55,-22.5,21.25,121.58,경남스틸,,2026-10-08T01:00:02
039310,1198.0,830.0,2900.0,1395.54,-14.15,17.78,249.4,세중,,2026-10-08T01:00:02
039290,4145.0,2520.0,6980.0,4805.52,-13.75,36.43,176.98,인포뱅크,,2026-10-08T01:00:02
039420,2605.0,2420.0,3260.0,2820.87,-7.65,22.02,34.71,케이엘넷,,2026-10-08T01:00:02
039340,4815.0,4270.0,6200.0,5140.78,-6.34,28.24,45.2,한국경제TV,,2026-10-08T01:00:02
039440,25050.0,17320.0,43200.0,27353.05,-8.42,29.87,149.42,에스티아이,,2026-10-08T01:00:02
039490,241000.0,198700.0,517000.0,333024.16,-27.63,13.29,160.19,키움증권,,2026-10-08T01:00:02
039570,7460.0,7210.0,8790.0,8071.78,-7.58,15.82,21.91,HDC랩스,,2026-10-08T01:00:02
039560,2875.0,1950.0,6050.0,3398.35,-15.4,22.56,210.26,다산네트웍스,,2026-10-08T01:00:02
039610,6570.0,4260.0,11680.0,7691.88,-14.59,31.13,174.18,화성밸브,,2026-10-08T01:00:02
039740,2885.0,2660.0,6050.0,3275.04,-11.91,6.64,127.44,한국정보공학,,2026-10-08T01:00:02
039830,15070.0,9040.0,26400.0,16835.95,-10.49,34.74,192.04,오로라,,2026-10-08T01:00:02
039840,9650.0,9100.0,19400.0,15189.55,-36.47,5.34,113.19,디오,,2026-10-08T01:00:02
039860,4560.0,3015.0,9390.0,4450.87,2.45,24.24,211.44,나노엔텍,,2026-10-08T01:00:02
039980,4990.0,3760.0,14860.0,8191.45,-39.08,11.08,295.21,폴라리스AI,,2026-10-08T01:00:02
040160,6140.0,2855.0,19350.0,7046.69,-12.87,19.92,577.76,누리플렉스,,2026-10-08T01:00:02
040350,3280.0,2780.0,12800.0,4847.97,-32.34,4.99,360.43,크레오에스지,,2026-10-08T01:00:02
040300,2255.0,1770.0,4900.0,2917.07,-22.7,15.5,176.84,YTN,,2026-10-08T01:00:02
040420,5810.0,5530.0,6850.0,5983.38,-2.9,21.21,23.87,정상제이엘에스,,2026-10-08T01:00:02
040910,4185.0,3525.0,6960.0,4528.96,-7.59,19.21,97.45,아이씨디,,2026-10-08T01:00:02
040610,3195.0,2685.0,5010.0,3604.6,-11.36,21.94,86.59,SG&G,,2026-10-08T01:00:02
041020,3135.0,2355.0,6150.0,4211.69,-25.56,20.55,161.15,폴라리스오피스,,2026-10-08T01:00:02
041190,5950.0,3725.0,13140.0,7114.31,-16.37,23.63,252.75,우리기술투자,,2026-10-08T01:00:02
041440,6280.0,5020.0,11320.0,7779.63,-19.28,20.0,125.5,현대에버다임,,2026-10-08T01:00:02
041460,3355.0,2990.0,4945.0,3742.29,-10.35,18.67,65.38,한국전자인증,,2026-10-08T01:00:02
041510,76900.0,63900.0,153000.0,98615.24,-22.02,14.59,139.44,에스엠,,2026-10-08T01:00:02
041520,12990.0,6130.0,13620.0,8930.67,45.45,91.59,122.19,이엘씨,,2026-10-08T01:00:02
041650,2165.0,1900.0,2975.0,2533.65,-14.55,24.65,56.58,상신브레이크,,2026-10-08T01:00:02
041830,50800.0,26000.0,73500.0,38771.38,31.02,52.21,182.69,인바디,,2026-10-08T01:00:02
041930,4940.0,4015.0,8640.0,5950.07,-16.98,20.0,115.19,SY동아,,2026-10-08T01:00:02
041920,10140.0,4850.0,29600.0,12203.12,-16.91,21.37,510.31,메디아나,,2026-10-08T01:00:02
041910,5930.0,4110.0,10200.0,6260.09,-5.27,29.89,148.18,폴라리스AI파마,,2026-10-08T01:00:02
041960,11020.0,5650.0,11420.0,7814.16,41.03,93.07,102.12,코미팜,,2026-10-08T01:00:02
042000,22350.0,14870.0,43950.0,27444.54,-18.56,25.72,195.56,카페24,,2026-10-08T01:00:02
042040,5220.0,3435.0,20827.0,11999.18,-56.5,10.26,506.32,케이피엠테크,,2026-10-08T01:00:02
042110,1067.0,974.0,1672.0,1276.87,-16.44,13.32,71.66,에스씨디,,2026-10-08T01:00:02
042420,20700.0,18640.0,29950.0,23957.99,-13.6,18.21,60.68,네오위즈홀딩스,,2026-10-08T01:00:02
042370,10760.0,6520.0,23800.0,10257.99,4.89,24.54,265.03,비츠로테크,,2026-10-08T01:00:02
042500,4340.0,3410.0,7400.0,4149.57,4.59,23.31,117.01,링네트,,2026-10-08T01:00:02
042520,20450.0,6970.0,57800.0,27518.1,-25.69,26.52,729.27,한스바이오메드,,2026-10-08T01:00:02
042510,15620.0,6320.0,17590.0,9665.32,61.61,82.52,178.32,라온시큐어,,2026-10-08T01:00:02
042660,72300.0,71300.0,154800.0,113983.64,-36.57,1.2,117.11,한화오션,,2026-10-08T01:00:02
042600,11900.0,6560.0,23200.0,13198.22,-9.84,32.09,253.66,새로닉스,,2026-10-08T01:00:02
042940,5360.0,4736.0,16000.0,8195.44,-34.6,5.54,237.84,상지건설,,2026-10-08T01:00:02
042700,271500.0,81400.0,426000.0,212420.07,27.81,55.17,423.34,한미반도체,,2026-10-08T01:00:02
043200,1267.0,972.0,2742.0,1679.46,-24.56,16.67,182.1,파루,,2026-10-08T01:00:02
043150,17160.0,16030.0,27350.0,20458.03,-16.12,9.98,70.62,바텍,,2026-10-08T01:00:02
043260,32150.0,1021.0,59600.0,21250.05,51.29,53.14,5737.41,성호전자,,2026-10-08T01:00:02
043370,11070.0,9730.0,15600.0,11769.63,-5.94,22.83,60.33,피에이치에이,,2026-10-08T01:00:02
043590,1734.0,750.0,2754.0,1320.03,31.36,49.1,267.2,웰킵스하이텍,,2026-10-08T01:00:02
043360,2265.0,1871.0,4310.0,2376.89,-4.71,16.15,130.36,디지아이,,2026-10-08T01:00:02
043340,610.0,573.0,1698.0,900.34,-32.25,3.29,196.34,에쎈테크,,2026-10-08T01:00:02
043650,3500.0,3115.0,5110.0,3991.71,-12.32,19.3,64.04,국순당,,2026-10-08T01:00:02
043910,3215.0,2740.0,7860.0,4969.01,-35.3,9.28,186.86,자연과환경,,2026-10-08T01:00:02
043710,3190.0,2385.0,5630.0,4053.05,-21.29,24.81,136.06,코스리거글로벌,,2026-10-08T01:00:02
044340,2725.0,2640.0,6600.0,4825.65,-43.53,2.15,150.0,위닉스,,2026-10-08T01:00:02
044490,35600.0,19980.0,61300.0,34355.58,3.62,37.8,206.81,태웅,,2026-10-08T01:00:02
044450,12300.0,8540.0,14400.0,10083.9,21.98,64.16,68.62,KSS해운,,2026-10-08T01:00:02
044480,3100.0,2900.0,17850.0,7062.19,-56.1,1.34,515.52,빌리언스,,2026-10-08T01:00:02
044820,25250.0,11810.0,29150.0,17560.22,43.79,77.51,146.82,코스맥스비티아이,,2026-10-08T01:00:02
044780,1323.0,1100.0,1911.0,1367.41,-3.25,27.5,73.73,에이치케이,,2026-10-08T01:00:02
044990,11780.0,8500.0,24200.0,14807.4,-20.45,20.89,184.71,에이치엔에스하이텍,,2026-10-08T01:00:02
044960,3155.0,2705.0,4840.0,3781.54,-16.57,21.08,78.93,이글벳,,2026-10-08T01:00:02
045060,2130.0,1951.0,2585.0,2284.92,-6.78,28.23,32.5,오공,,2026-10-08T01:00:02
045100,33850.0,18710.0,39400.0,27341.3,23.81,73.18,110.58,한양이엔지,,2026-10-08T01:00:02
045300,3100.0,1955.0,3845.0,2950.82,5.06,60.58,96.68,성우테크론,,2026-10-08T01:00:02
045340,6800.0,5580.0,9790.0,7160.52,-5.03,28.98,75.45,토탈소프트,,2026-10-08T01:00:02
045510,1234.0,646.0,1686.0,968.3,27.44,56.54,160.99,정원엔시스,,2026-10-08T01:00:02
045390,2980.0,2065.0,5140.0,3835.13,-22.3,29.76,148.91,대아티아이,,2026-10-08T01:00:02
045660,8650.0,7300.0,13450.0,9845.95,-12.15,21.95,84.25,에이텍,,2026-10-08T01:00:02
045970,3905.0,1706.0,7850.0,4870.93,-19.83,35.79,360.14,코아시아,,2026-10-08T01:00:02
046120,5020.0,3240.0,16410.0,5936.38,-15.44,13.52,406.48,오르비텍,,2026-10-08T01:00:02
045520,3215.0,2110.0,4740.0,3256.15,-1.26,42.02,124.64,크린앤사이언스,,2026-10-08T01:00:02
046210,1447.0,980.0,2940.0,1660.81,-12.87,23.83,200.0,HLB파나진,,2026-10-08T01:00:02
046310,2345.0,1780.0,5050.0,2902.99,-19.22,17.28,183.71,백금T&A,,2026-10-08T01:00:02
046390,2125.0,1395.0,4309.0,2575.24,-17.48,25.05,208.89,삼화네트웍스,,2026-10-08T01:00:02
046440,3995.0,3640.0,6380.0,4680.86,-14.65,12.96,75.27,KG파이낸셜,,2026-10-08T01:00:02
046890,10400.0,5730.0,18960.0,9128.66,13.93,35.3,230.89,서울반도체,,2026-10-08T01:00:02
046940,2765.0,2470.0,6610.0,3630.97,-23.85,7.13,167.61,우원개발,,2026-10-08T01:00:02
047080,1087.0,823.0,1942.0,1201.99,-9.57,23.59,135.97,한빛소프트,,2026-10-08T01:00:02
047050,57500.0,44850.0,91200.0,59378.07,-3.16,27.29,103.34,포스코인터내셔널,,2026-10-08T01:00:02
047310,3395.0,2400.0,6850.0,4277.86,-20.64,22.36,185.42,파워로직스,,2026-10-08T01:00:02
047040,16810.0,3320.0,40350.0,13037.79,28.93,36.43,1115.36,대우건설,,2026-10-08T01:00:02
047560,7850.0,6800.0,23350.0,14240.11,-44.87,6.34,243.38,이스트소프트,,2026-10-08T01:00:02
047770,3495.0,1878.0,5960.0,3318.74,5.31,39.61,217.36,코데즈컴바인,,2026-10-08T01:00:02
047810,121700.0,93300.0,215500.0,140831.6,-13.58,23.24,130.98,한국항공우주,,2026-10-08T01:00:02
047820,3195.0,2765.0,8000.0,4527.08,-29.42,8.21,189.33,초록뱀미디어,,2026-10-08T01:00:02
047920,13410.0,5528.0,20503.0,12704.6,5.55,52.63,270.89,HLB제약,,2026-10-08T01:00:02
048430,5820.0,5130.0,9760.0,7281.0,-20.07,14.9,90.25,유라테크,,2026-10-08T01:00:02
048410,7110.0,4565.0,21500.0,8500.11,-16.35,15.03,370.97,현대바이오,,2026-10-08T01:00:02
048530,2785.0,2250.0,7010.0,3393.44,-17.93,11.24,211.56,인트론바이오,,2026-10-08T01:00:02
048470,2815.0,2275.0,4520.0,3058.35,-7.96,24.05,98.68,대동스틸,,2026-10-08T01:00:02
048550,992.0,777.0,1900.0,1256.93,-21.08,19.15,144.53,SM C&C,,2026-10-08T01:00:02
048770,3980.0,1900.0,10690.0,3275.44,21.51,23.66,462.63,TPC로보틱스,,2026-10-08T01:00:02
048830,998.0,633.0,1389.0,1008.41,-1.03,48.28,119.43,엔피케이,,2026-10-08T01:00:02
048870,1578.0,1385.0,2960.0,2106.2,-25.08,12.25,113.72,시너지이노베이션,,2026-10-08T01:00:02
049070,18930.0,13000.0,24950.0,17743.09,6.69,49.62,91.92,인탑스,,2026-10-08T01:00:02
048910,7850.0,3800.0,9710.0,7133.42,10.05,68.53,155.53,대원미디어,,2026-10-08T01:00:02
049470,2595.0,1002.0,19850.0,4966.59,-47.75,8.45,1881.04,비트플래닛,,2026-10-08T01:00:02
049430,22600.0,10180.0,24250.0,16707.36,35.27,88.27,138.21,코메론,,2026-10-08T01:00:02
049080,9210.0,3580.0,31250.0,8769.78,5.02,20.35,772.91,기가레인,,2026-10-08T01:00:02
049120,2920.0,1620.0,5380.0,3198.88,-8.72,34.57,232.1,파인디앤씨,,2026-10-08T01:00:02
049480,1992.0,1521.0,4195.0,2286.84,-12.89,17.61,175.81,오픈베이스,,2026-10-08T01:00:02
049520,3685.0,2905.0,4345.0,3592.03,2.59,54.17,49.57,유아이엘,,2026-10-08T01:00:02
049550,3520.0,2735.0,4450.0,3237.1,8.74,45.77,62.71,잉크테크,,2026-10-08T01:00:02
049630,7050.0,3560.0,40500.0,11527.29,-38.84,9.45,1037.64,재영솔루텍,,2026-10-08T01:00:02
049720,9120.0,8820.0,11940.0,10072.57,-9.46,9.62,35.37,고려신용정보,,2026-10-08T01:00:02
049800,2010.0,1580.0,3700.0,2130.91,-5.67,20.28,134.18,우진플라임,,2026-10-08T01:00:02
049960,15330.0,11350.0,18500.0,14386.77,6.56,55.66,63.0,쎌바이오텍,,2026-10-08T01:00:02
049950,11260.0,8000.0,21750.0,14300.82,-21.26,23.71,171.88,미래컴퍼니,,2026-10-08T01:00:02
050120,3260.0,2225.0,3750.0,2887.27,12.91,67.87,68.54,ES큐브,,2026-10-08T01:00:02
049830,6550.0,5760.0,9800.0,7585.46,-13.65,19.55,70.14,승일,,2026-10-08T01:00:02
050760,1214.0,980.0,2120.0,1322.88,-8.23,20.53,116.33,에스폴리텍,,2026-10-08T01:00:02
050890,9960.0,6090.0,20900.0,10072.9,-1.12,26.13,243.19,쏠리드,,2026-10-08T01:00:02
050860,1713.0,1560.0,2165.0,1885.8,-9.16,25.29,38.78,아세아텍,,2026-10-08T01:00:02
050960,8900.0,6860.0,11150.0,9064.35,-1.81,47.55,62.54,수산아이앤티,,2026-10-08T01:00:02
051160,14070.0,6270.0,14325.0,8042.9,74.94,96.83,128.47,지어소프트,,2026-10-08T01:00:02
051380,1505.0,1420.0,2775.0,1940.86,-22.46,6.27,95.42,피씨디렉트,,2026-10-08T01:00:02
051360,11670.0,8210.0,13500.0,10301.07,13.29,65.41,64.43,토비스,,2026-10-08T01:00:02
051390,4020.0,3600.0,4895.0,4050.29,-0.75,32.43,35.97,YW,,2026-10-08T01:00:02
051370,7220.0,5500.0,14670.0,9806.17,-26.37,18.76,166.73,인터플렉스,,2026-10-08T01:00:02
051490,2700.0,2255.0,4785.0,3514.26,-23.17,17.59,112.2,나라엠앤디,,2026-10-08T01:00:02
051500,21500.0,19800.0,36400.0,26359.48,-18.44,10.24,83.84,CJ프레시웨이,,2026-10-08T01:00:02
051600,43850.0,41500.0,69000.0,51973.23,-15.63,8.55,66.27,한전KPS,,2026-10-08T01:00:02
051630,1665.0,880.0,3515.0,2106.51,-20.96,29.79,299.43,진양화학,,2026-10-08T01:00:02
051780,2405.0,1900.0,10050.0,4222.96,-43.05,6.2,428.95,큐로홀딩스,,2026-10-08T01:00:02
051900,265500.0,210000.0,335500.0,270057.62,-1.69,44.22,59.76,LG생활건강,,2026-10-08T01:00:02
051910,285500.0,224000.0,437500.0,322830.86,-11.56,28.81,95.31,LG화학,,2026-10-08T01:00:02
052020,7480.0,6010.0,22500.0,9995.54,-25.17,8.91,274.38,에스티큐브,,2026-10-08T01:00:02
052220,1648.0,1310.0,3830.0,2746.64,-40.0,13.41,192.37,iMBC,,2026-10-08T01:00:02
052260,4950.0,3125.0,6240.0,4183.29,18.33,58.59,99.68,현대바이오랜드,,2026-10-08T01:00:02
052420,9610.0,6990.0,20700.0,13191.12,-27.15,19.11,196.14,오성첨단소재,,2026-10-08T01:00:02
052300,1570.0,1210.0,2340.0,1676.07,-6.33,31.86,93.39,오션인더블유,,2026-10-08T01:00:02
052330,10440.0,8430.0,14500.0,10252.45,1.83,33.11,72.0,코텍,,2026-10-08T01:00:02
052400,35900.0,32950.0,72500.0,49665.24,-27.72,7.46,120.03,코나아이,,2026-10-08T01:00:02
052460,6040.0,2250.0,8610.0,3566.15,69.37,59.59,282.67,아이크래프트,,2026-10-08T01:00:02
052600,2815.0,2730.0,4750.0,3605.59,-21.93,4.21,73.99,한네트,,2026-10-08T01:00:02
052690,117200.0,77100.0,198000.0,121805.58,-3.78,33.17,156.81,한전기술,,2026-10-08T01:00:02
052710,21550.0,7350.0,32339.0,13558.74,58.94,56.83,339.99,아모텍,,2026-10-08T01:00:02
052790,4685.0,3680.0,7420.0,5342.9,-12.31,26.87,101.63,액토즈소프트,,2026-10-08T01:00:02
052860,7430.0,2090.0,8220.0,4069.07,82.6,87.11,293.3,아이앤씨,,2026-10-08T01:00:02
052900,1251.0,795.0,2430.0,1126.21,11.08,27.89,205.66,KX하이텍,,2026-10-08T01:00:02
053050,1962.0,1415.0,4345.0,2358.04,-16.8,18.67,207.07,지에스이,,2026-10-08T01:00:02
053030,6450.0,5500.0,19200.0,11786.51,-45.28,6.93,249.09,바이넥스,,2026-10-08T01:00:02
053060,1230.0,1122.0,1678.0,1315.04,-6.47,19.42,49.55,세동,,2026-10-08T01:00:02
053080,9450.0,6490.0,18430.0,11246.25,-15.97,24.79,183.98,케이엔솔,,2026-10-08T01:00:02
053160,8610.0,6400.0,11180.0,8180.22,5.25,46.23,74.69,프리엠스,,2026-10-08T01:00:02
053260,6820.0,3720.0,9460.0,4875.45,39.88,54.01,154.3,금강철강,,2026-10-08T01:00:02
053210,4020.0,3895.0,5510.0,4734.52,-15.09,7.74,41.46,케이티스카이라이프,,2026-10-08T01:00:02
053270,1927.0,1653.0,3005.0,2152.69,-10.48,20.27,81.79,구영테크,,2026-10-08T01:00:02
053280,2845.0,2715.0,3985.0,3446.21,-17.45,10.24,46.78,예스24,,2026-10-08T01:00:02
053450,3300.0,2900.0,7550.0,4834.05,-31.73,8.6,160.34,세코닉스,,2026-10-08T01:00:02
053350,4890.0,2165.0,10250.0,5101.26,-4.14,33.7,373.44,이니텍,,2026-10-08T01:00:02
053300,5390.0,3780.0,7750.0,5797.83,-7.03,40.55,105.03,한국정보인증,,2026-10-08T01:00:02
053290,1537.0,1065.0,2540.0,1865.8,-17.62,32.0,138.5,NE능률,,2026-10-08T01:00:02
053610,82000.0,26300.0,101900.0,54236.99,51.19,73.68,287.45,프로텍,,2026-10-08T01:00:02
053580,7140.0,5700.0,14530.0,9130.63,-21.8,16.31,154.91,웹케시,,2026-10-08T01:00:02
053620,6660.0,5910.0,8210.0,6673.35,-0.2,32.61,38.92,태양,,2026-10-08T01:00:02
053690,20050.0,13740.0,34750.0,20751.45,-3.38,30.03,152.91,한미글로벌,,2026-10-08T01:00:02
053800,76800.0,50800.0,93100.0,60926.39,26.05,61.47,83.27,안랩,,2026-10-08T01:00:02
053700,3995.0,3520.0,9990.0,5023.74,-20.48,7.34,183.81,삼보모터스,,2026-10-08T01:00:02
053980,2425.0,2250.0,3840.0,3074.39,-21.12,11.01,70.67,오상자이엘,,2026-10-08T01:00:02
053950,2070.0,1415.0,5580.0,2896.71,-28.54,15.73,294.35,경남제약,,2026-10-08T01:00:02
054040,4390.0,4360.0,5930.0,4984.48,-11.93,1.91,36.01,한국컴퓨터,,2026-10-08T01:00:02
054090,1013.0,600.0,1500.0,904.88,11.95,45.89,150.0,삼진엘앤디,,2026-10-08T01:00:02
054050,7070.0,6400.0,9020.0,7762.19,-8.92,25.57,40.94,NH농우바이오,,2026-10-08T01:00:02
054210,7190.0,5700.0,14490.0,8934.83,-19.53,16.95,154.21,이랜텍,,2026-10-08T01:00:02
054220,1691.0,1220.0,4995.0,2100.93,-19.51,12.48,309.43,비츠로시스,,2026-10-08T01:00:02
054410,2440.0,2370.0,4250.0,3475.5,-29.79,3.72,79.32,케이피티유,,2026-10-08T01:00:02
054300,970.0,680.0,2112.0,1249.58,-22.37,20.25,210.59,팬스타엔터프라이즈,,2026-10-08T01:00:02
054450,10320.0,7050.0,19530.0,12675.58,-18.58,26.2,177.02,텔레칩스,,2026-10-08T01:00:02
054540,6870.0,5160.0,22800.0,11452.68,-40.01,9.69,341.86,삼영엠텍,,2026-10-08T01:00:02
054620,4020.0,3280.0,10770.0,4944.85,-18.7,9.88,228.35,APS,,2026-10-08T01:00:02
054780,2185.0,1001.0,6270.0,2800.25,-21.97,22.47,526.37,키이스트,,2026-10-08T01:00:02
054670,5620.0,5030.0,7900.0,6390.26,-12.05,20.56,57.06,대한뉴팜,,2026-10-08T01:00:02
054920,5120.0,2795.0,8980.0,4549.09,12.55,37.59,221.29,한컴위드,,2026-10-08T01:00:02
054800,14590.0,10520.0,16980.0,13669.74,6.73,63.0,61.41,아이디스홀딩스,,2026-10-08T01:00:02
054930,17290.0,14300.0,29150.0,21377.84,-19.12,20.13,103.85,유신,,2026-10-08T01:00:02
054950,24350.0,19930.0,34500.0,25426.02,-4.23,30.34,73.11,제이브이엠,,2026-10-08T01:00:02
055490,17160.0,10150.0,23300.0,15516.84,10.59,53.31,129.56,테이팩스,,2026-10-08T01:00:02
054940,3655.0,2815.0,5150.0,3507.57,4.2,35.97,82.95,엑사이엔씨,,2026-10-08T01:00:02
055550,101550.0,63600.0,116500.0,90896.1,11.72,71.74,83.18,신한지주,,2026-10-08T01:00:02
056080,11790.0,9250.0,49450.0,18382.45,-35.86,6.32,434.59,유진로봇,,2026-10-08T01:00:02
056730,1297.0,1131.0,3810.0,2460.33,-47.28,6.2,236.87,CNT85,,2026-10-08T01:00:02
056360,6390.0,4075.0,14550.0,6193.03,3.18,22.1,257.06,코위버,,2026-10-08T01:00:02
056700,1411.0,1390.0,2140.0,1714.65,-17.71,2.8,53.96,신화인터텍,,2026-10-08T01:00:02
056190,32150.0,16850.0,36500.0,25980.93,23.74,77.86,116.62,SFA,,2026-10-08T01:00:02
058110,1624.0,1064.0,4000.0,1988.59,-18.33,19.07,275.94,멕아이씨에스,,2026-10-08T01:00:02
058400,5890.0,4415.0,8950.0,6651.19,-11.44,32.52,102.72,KNN,,2026-10-08T01:00:02
057680,1604.0,1435.0,7303.0,3450.3,-53.51,2.88,408.92,티사이언티픽,,2026-10-08T01:00:02
058430,4480.0,3560.0,10500.0,4595.89,-2.52,13.26,194.94,포스코스틸리온,,2026-10-08T01:00:02
057030,2105.0,1930.0,3430.0,2688.49,-21.7,11.67,77.72,YBM넷,,2026-10-08T01:00:02
058470,88500.0,45000.0,129000.0,78811.52,12.29,51.79,186.67,리노공업,,2026-10-08T01:00:02
058610,100200.0,25200.0,165700.0,87476.77,14.54,53.38,557.54,에스피지,,2026-10-08T01:00:02
058630,3995.0,3755.0,6980.0,5268.48,-24.17,7.44,85.89,엠게임,,2026-10-08T01:00:02
058650,125600.0,105000.0,184800.0,135539.41,-7.33,25.81,76.0,세아홀딩스,,2026-10-08T01:00:02
058730,3145.0,2270.0,5800.0,3316.9,-5.18,24.79,155.51,다스코,,2026-10-08T01:00:02
058860,2610.0,2370.0,3210.0,2720.04,-4.05,28.57,35.44,KTis,,2026-10-08T01:00:02
058850,2205.0,2040.0,3195.0,2614.78,-15.67,14.29,56.62,KTcs,,2026-10-08T01:00:02
058970,16320.0,11900.0,48600.0,29801.08,-45.24,12.04,308.4,엠로,,2026-10-08T01:00:02
059090,24850.0,11300.0,29250.0,16819.07,47.75,75.49,158.85,미코,,2026-10-08T01:00:02
059120,7600.0,3251.0,14500.0,6370.45,19.3,38.66,346.02,아진엑스텍,,2026-10-08T01:00:02
059100,6650.0,4285.0,8060.0,5404.2,23.05,62.65,88.1,아이컴포넌트,,2026-10-08T01:00:02
059210,3800.0,3265.0,6600.0,4623.35,-17.81,16.04,102.14,메타바이오메드,,2026-10-08T01:00:02
059270,5150.0,3980.0,21400.0,8637.3,-40.37,6.72,437.69,해성에어로보틱스,,2026-10-08T01:00:02
060150,3010.0,2680.0,4850.0,3929.13,-23.39,15.21,80.97,인선이엔티,,2026-10-08T01:00:02
060230,1323.0,902.0,5510.0,2370.97,-44.2,9.14,510.86,제이케이시냅스,,2026-10-08T01:00:02
060260,1018.0,777.0,1880.0,1256.86,-19.0,21.85,141.96,뉴보텍,,2026-10-08T01:00:02
060250,13320.0,10900.0,25500.0,16236.28,-17.96,16.58,133.94,NHN KCP,,2026-10-08T01:00:02
060280,8770.0,6970.0,22550.0,11953.9,-26.63,11.55,223.53,큐렉소,,2026-10-08T01:00:02
060310,1197.0,831.0,2035.0,1436.41,-16.67,30.4,144.89,3S,,2026-10-08T01:00:02
060370,32600.0,21650.0,51600.0,29753.16,9.57,36.56,138.34,LS마린솔루션,,2026-10-08T01:00:02
060380,1270.0,1000.0,2410.0,1422.02,-10.69,19.15,141.0,동양에스텍,,2026-10-08T01:00:02
060480,1234.0,701.0,2025.0,1555.2,-20.65,40.26,188.87,국일신동,,2026-10-08T01:00:02
060540,1331.0,989.0,1618.0,1287.35,3.39,54.37,63.6,에스에이티,,2026-10-08T01:00:02
060570,4950.0,3310.0,11000.0,6305.74,-21.5,21.33,232.33,드림어스컴퍼니,,2026-10-08T01:00:02
060560,1917.0,1682.0,4440.0,3035.36,-36.84,8.52,163.97,HC홈센타,,2026-10-08T01:00:02
060590,3065.0,2570.0,7680.0,4208.48,-27.17,9.69,198.83,씨티씨바이오,,2026-10-08T01:00:02
060850,4220.0,4190.0,7340.0,5828.88,-27.6,0.95,75.18,영림원소프트랩,,2026-10-08T01:00:02
060720,11530.0,8250.0,19960.0,12539.07,-8.05,28.01,141.94,KH바텍,,2026-10-08T01:00:02
061090,44450.0,27000.0,176400.0,43057.08,3.24,11.68,553.33,세나테크놀로지,,2026-10-08T01:00:02
060980,37700.0,35500.0,54700.0,42430.48,-11.15,11.46,54.08,HL홀딩스,,2026-10-08T01:00:02
060900,1831.0,1545.0,22303.0,9132.67,-79.95,1.38,1343.56,에이전트AI,,2026-10-08T01:00:02
061040,7250.0,5400.0,15407.0,9265.43,-21.75,18.49,185.31,알에프텍,,2026-10-08T01:00:02
061970,4735.0,2885.0,6812.0,4441.68,6.6,47.11,136.12,LB세미콘,,2026-10-08T01:00:02
062040,224500.0,101700.0,341000.0,171624.16,30.81,51.32,235.3,산일전기,,2026-10-08T01:00:02
061250,6450.0,6210.0,13800.0,9755.91,-33.89,3.16,122.22,화일약품,,2026-10-08T01:00:02
063080,12310.0,10100.0,28350.0,16875.09,-27.05,12.11,180.69,컴투스홀딩스,,2026-10-08T01:00:02
063160,14530.0,11770.0,24900.0,18500.93,-21.46,21.02,111.55,종근당바이오,,2026-10-08T01:00:02
063170,5490.0,4100.0,9950.0,6742.77,-18.58,23.76,142.68,서울옥션,,2026-10-08T01:00:02
063570,3305.0,2840.0,4845.0,3908.64,-15.44,23.19,70.6,NICE인프라,,2026-10-08T01:00:02
063760,2180.0,1819.0,4500.0,2551.79,-14.57,13.47,147.39,이엘피,,2026-10-08T01:00:02
063440,1096.0,940.0,2140.0,1448.51,-24.34,13.0,127.66,SM Life Design,,2026-10-08T01:00:02
064240,1707.0,1186.0,2540.0,1870.38,-8.74,38.48,114.17,홈캐스트,,2026-10-08T01:00:02
064260,4455.0,3805.0,11450.0,6805.19,-34.54,8.5,200.92,다날,,2026-10-08T01:00:02
064290,61400.0,10960.0,62600.0,25502.97,140.76,97.68,471.17,인텍플러스,,2026-10-08T01:00:02
064400,68300.0,54100.0,153300.0,69750.93,-2.08,14.31,183.36,LG씨엔에스,,2026-10-08T01:00:02
064520,1497.0,1350.0,2380.0,1700.0,-11.94,14.27,76.3,테크엘,,2026-10-08T01:00:02
064350,104700.0,103600.0,282000.0,190017.1,-44.9,0.62,172.2,현대로템,,2026-10-08T01:00:02
064480,2570.0,2300.0,7830.0,4140.86,-37.94,4.88,240.43,브리지텍,,2026-10-08T01:00:02
064760,292500.0,101300.0,348500.0,213290.71,37.14,77.35,244.03,티씨케이,,2026-10-08T01:00:02
064550,8630.0,5470.0,15640.0,11047.66,-21.88,31.07,185.92,바이오니아,,2026-10-08T01:00:02
064800,2140.0,1757.0,5190.0,3467.18,-38.28,11.16,195.39,포니링크,,2026-10-08T01:00:02
064850,20600.0,7900.0,37000.0,16512.23,24.76,43.64,368.35,에프앤가이드,,2026-10-08T01:00:02
064820,7720.0,6880.0,17500.0,10769.14,-28.31,7.91,154.36,케이프,,2026-10-08T01:00:02
064960,26500.0,24100.0,40800.0,31841.26,-16.77,14.37,69.29,SNT모티브,,2026-10-08T01:00:02
065060,3285.0,2410.0,5550.0,3498.25,-6.1,27.87,130.29,지엔코,,2026-10-08T01:00:02
065130,3120.0,2345.0,5010.0,3289.81,-5.16,29.08,113.65,탑엔지니어링,,2026-10-08T01:00:02
065150,1243.0,1120.0,2895.0,2611.38,-52.4,6.93,158.48,대산F&B,,2026-10-08T01:00:02
065350,32750.0,22600.0,83000.0,50388.48,-35.0,16.8,267.26,신성델타테크,,2026-10-08T01:00:02
065370,3200.0,2390.0,7530.0,4805.48,-33.41,15.76,215.06,위세아이텍,,2026-10-08T01:00:02
065450,2965.0,2500.0,7050.0,3853.59,-23.06,10.22,182.0,빅텍,,2026-10-08T01:00:02
065500,1019.0,945.0,3520.0,2033.82,-49.9,2.87,272.49,오리엔트정공,,2026-10-08T01:00:02
065440,1580.0,1191.0,5200.0,1909.51,-17.26,9.7,336.61,이루온,,2026-10-08T01:00:02
065510,7100.0,6270.0,10090.0,7952.83,-10.72,21.73,60.93,휴비츠,,2026-10-08T01:00:02
065530,1457.0,1003.0,3300.0,1460.49,-0.24,19.76,229.01,와이어블,,2026-10-08T01:00:02
065660,15980.0,13500.0,61800.0,28877.58,-44.66,5.13,357.78,안트로젠,,2026-10-08T01:00:02
065690,1948.0,696.0,1955.0,1327.86,46.7,99.44,180.89,파커스,,2026-10-08T01:00:02
065650,1483.0,1301.0,9960.0,3888.5,-61.86,2.1,665.56,하이퍼코퍼레이션,,2026-10-08T01:00:02
065680,23800.0,18800.0,51700.0,32848.66,-27.55,15.2,175.0,우주일렉트로,,2026-10-08T01:00:02
065710,42900.0,35200.0,59900.0,45396.84,-5.5,31.17,70.17,서호전기,,2026-10-08T01:00:02
065770,1145.0,761.0,6354.0,1865.89,-38.64,6.87,734.95,CS,,2026-10-08T01:00:02
065950,1176.0,900.0,2160.0,1489.85,-21.07,21.9,140.0,웰크론,,2026-10-08T01:00:02
066130,3490.0,2970.0,4955.0,4068.53,-14.22,26.2,66.84,하츠,,2026-10-08T01:00:02
066310,8530.0,5360.0,22750.0,8917.92,-4.35,18.23,324.44,큐에스아이,,2026-10-08T01:00:02
066360,1442.0,1180.0,2840.0,1662.94,-13.29,15.78,140.68,체리부로,,2026-10-08T01:00:02
066430,2010.0,1002.0,5080.0,2090.65,-3.86,24.72,406.99,아이로보틱스,,2026-10-08T01:00:02
066570,201500.0,72000.0,438000.0,141247.96,42.66,35.38,508.33,LG전자,,2026-10-08T01:00:02
066590,2245.0,1777.0,4200.0,2658.19,-15.54,19.31,136.35,스모트로닉,,2026-10-08T01:00:02
066620,25450.0,19660.0,27400.0,23046.06,10.43,74.81,39.37,국보디자인,,2026-10-08T01:00:02
066700,2265.0,1845.0,3470.0,2606.22,-13.09,25.85,88.08,테라젠이텍스,,2026-10-08T01:00:02
066670,3295.0,2265.0,3700.0,2901.6,13.56,71.78,63.36,디티씨,,2026-10-08T01:00:02
066900,1747.0,1313.0,3260.0,1841.35,-5.12,22.29,148.29,디에이피,,2026-10-08T01:00:02
066970,118200.0,59200.0,225000.0,120156.51,-1.63,35.59,280.07,엘앤에프,,2026-10-08T01:00:02
066910,1725.0,1562.0,6000.0,3104.15,-44.43,3.67,284.12,손오공,,2026-10-08T01:00:02
066980,1563.0,1074.0,2745.0,1477.08,5.82,29.26,155.59,한성크린텍,,2026-10-08T01:00:02
067010,2560.0,1840.0,2730.0,2342.8,9.27,80.9,48.37,이씨에스,,2026-10-08T01:00:02
067000,1182.0,911.0,3335.0,1829.06,-35.38,11.18,266.08,조이시티,,2026-10-08T01:00:02
067160,36450.0,35900.0,79500.0,59242.19,-38.47,1.26,121.45,SOOP,,2026-10-08T01:00:02
067080,12200.0,7460.0,24900.0,13965.13,-12.64,27.18,233.78,대화제약,,2026-10-08T01:00:02
067170,2625.0,1650.0,5200.0,2232.47,17.58,27.46,215.15,오텍,,2026-10-08T01:00:02
067280,26100.0,21500.0,33600.0,28398.88,-8.09,38.02,56.28,멀티캠퍼스,,2026-10-08T01:00:02
067290,2770.0,1246.0,4335.0,1924.58,43.93,49.34,247.91,JW신약,,2026-10-08T01:00:02
067310,51300.0,13230.0,58500.0,33134.13,54.83,84.1,342.18,하나마이크론,,2026-10-08T01:00:02
067370,5520.0,4840.0,8500.0,6043.27,-8.66,18.58,75.62,선바이오,,2026-10-08T01:00:02
067570,1670.0,1591.0,2505.0,2092.39,-20.19,8.64,57.45,엔브이에이치코리아,,2026-10-08T01:00:02
067630,4300.0,1608.0,5330.0,3577.58,20.19,72.33,231.47,HLB생명과학,,2026-10-08T01:00:02
067390,5570.0,3990.0,10390.0,6072.04,-8.27,24.69,160.4,아스트,,2026-10-08T01:00:02
067730,2170.0,1940.0,5180.0,2589.38,-16.2,7.1,167.01,로지시스,,2026-10-08T01:00:02
067900,5870.0,5360.0,8190.0,6498.36,-9.67,18.02,52.8,와이엔텍,,2026-10-08T01:00:02
067830,2365.0,2050.0,4135.0,2703.9,-12.53,15.11,101.71,세이브존I&C,,2026-10-08T01:00:02
067920,6110.0,4600.0,8700.0,5602.84,9.05,36.83,89.13,이글루,,2026-10-08T01:00:02
068050,1008.0,917.0,2330.0,1594.07,-36.77,6.44,154.09,팬엔터테인먼트,,2026-10-08T01:00:02
067990,4000.0,3500.0,5820.0,4377.7,-8.63,21.55,66.29,도이치모터스,,2026-10-08T01:00:02
068100,2335.0,1900.0,4175.0,2681.49,-12.92,19.12,119.74,케이웨더,,2026-10-08T01:00:02
068270,180700.0,158500.0,239244.0,183962.58,-1.77,27.49,50.94,셀트리온,,2026-10-08T01:00:02
068290,6250.0,5500.0,18710.0,10030.86,-37.69,5.68,240.18,삼성출판사,,2026-10-08T01:00:02
068330,1020.0,851.0,2055.0,1391.28,-26.69,14.04,141.48,일신바이오,,2026-10-08T01:00:02
068930,9180.0,6760.0,10000.0,7959.52,15.33,74.69,47.93,디지털대성,,2026-10-08T01:00:02
068760,39200.0,37000.0,78300.0,53513.78,-26.75,5.33,111.62,셀트리온제약,,2026-10-08T01:00:02
068790,8230.0,4230.0,9190.0,8079.39,1.86,80.65,117.26,DMS,,2026-10-08T01:00:02
069080,12260.0,9530.0,18010.0,12488.96,-1.83,32.19,88.98,웹젠,,2026-10-08T01:00:02
069140,1724.0,1465.0,3400.0,2232.15,-22.77,13.39,132.08,누리플랜,,2026-10-08T01:00:02
069330,1179.0,710.0,1341.0,1105.88,6.61,74.33,88.87,유아이디,,2026-10-08T01:00:02
069260,15860.0,14300.0,21550.0,17564.61,-9.7,21.52,50.7,티케이지휴켐스,,2026-10-08T01:00:02
069410,2560.0,2200.0,5930.0,4320.41,-40.75,9.65,169.55,엔텔스,,2026-10-08T01:00:02
069640,1406.0,800.0,1876.0,1305.27,7.72,56.32,134.5,한세엠케이,,2026-10-08T01:00:02
069510,13520.0,11220.0,16670.0,13986.73,-3.34,42.2,48.57,에스텍,,2026-10-08T01:00:02
069620,109800.0,104900.0,199400.0,144985.5,-24.27,5.19,90.09,대웅제약,,2026-10-08T01:00:02
069730,5420.0,3325.0,6150.0,4646.04,16.66,74.16,84.96,DSR제강,,2026-10-08T01:00:02
069920,1351.0,499.0,15570.0,4218.68,-67.98,5.65,3020.24,엑시온그룹,,2026-10-08T01:00:02
070300,640.0,532.0,3580.0,1636.84,-60.9,3.54,572.93,엑스큐어,,2026-10-08T01:00:02
069960,85800.0,69050.0,222000.0,104308.18,-17.74,10.95,221.51,현대백화점,,2026-10-08T01:00:02
070590,2155.0,1457.0,2510.0,1934.89,11.38,66.29,72.27,인티큐브,,2026-10-08T01:00:02
070960,1762.0,1762.0,4250.0,2976.4,-40.8,0.0,141.2,모나용평,,2026-10-08T01:00:02
071050,170400.0,127000.0,300500.0,199949.81,-14.78,25.01,136.61,한국금융지주,,2026-10-08T01:00:02
071090,3445.0,2355.0,5680.0,3653.77,-5.71,32.78,141.19,하이스틸,,2026-10-08T01:00:02
071200,10530.0,5250.0,14080.0,7229.36,45.66,59.8,168.19,인피니트헬스케어,,2026-10-08T01:00:02
071280,9200.0,5150.0,14070.0,8979.22,2.46,45.4,173.2,로체시스템즈,,2026-10-08T01:00:02
071320,78000.0,60400.0,116700.0,84456.51,-7.64,31.26,93.21,지역난방공사,,2026-10-08T01:00:02
071840,5900.0,5800.0,10120.0,7299.81,-19.18,2.31,74.48,롯데하이마트,,2026-10-08T01:00:02
071670,5490.0,3995.0,14250.0,7109.61,-22.78,14.58,256.7,에이테크솔루션,,2026-10-08T01:00:02
071850,1216.0,1161.0,1907.0,1496.31,-18.73,7.37,64.25,캐스텍코리아,,2026-10-08T01:00:02
071970,43450.0,43150.0,118200.0,76952.42,-43.54,0.4,173.93,HD현대마린엔진,,2026-10-08T01:00:02
072020,9190.0,8560.0,10350.0,9526.62,-3.53,35.2,20.91,중앙백신,,2026-10-08T01:00:02
072130,4695.0,4160.0,6700.0,5024.87,-6.56,21.06,61.06,유엔젤,,2026-10-08T01:00:02
072470,2370.0,2125.0,5310.0,3192.34,-25.76,7.69,149.88,우리산업홀딩스,,2026-10-08T01:00:02
072710,88500.0,79200.0,143500.0,92948.7,-4.79,14.46,81.19,농심홀딩스,,2026-10-08T01:00:02
072870,13100.0,10680.0,13710.0,12159.93,7.73,79.87,28.37,메가스터디,,2026-10-08T01:00:02
072950,16270.0,4600.0,25700.0,8177.96,98.95,55.31,458.7,빛샘전자,,2026-10-08T01:00:02
073010,3070.0,2050.0,8260.0,4257.68,-27.89,16.43,302.93,케이에스피,,2026-10-08T01:00:02
072990,3135.0,2900.0,7222.0,4814.74,-34.89,5.44,149.03,에이치시티,,2026-10-08T01:00:02
073110,5160.0,3920.0,7300.0,5442.6,-5.19,36.69,86.22,엘엠에스,,2026-10-08T01:00:02
073240,6670.0,4220.0,8850.0,5867.88,13.67,52.92,109.72,금호타이어,,2026-10-08T01:00:02
073540,2790.0,1780.0,7220.0,2507.8,11.25,18.57,305.62,에프알텍,,2026-10-08T01:00:02
073490,33600.0,18280.0,62500.0,30913.53,8.69,34.64,241.9,LIG아큐버,,2026-10-08T01:00:02
073560,1510.0,1360.0,2150.0,1582.54,-4.58,18.99,58.09,우리손에프앤지,,2026-10-08T01:00:02
073570,2840.0,1420.0,7168.0,3519.36,-19.3,24.7,404.79,리튬포어스,,2026-10-08T01:00:02
074430,1041.0,855.0,1940.0,1193.66,-12.79,17.14,126.9,아미노로직스,,2026-10-08T01:00:02
074600,32400.0,16790.0,45400.0,28045.06,15.53,54.56,170.4,원익QnC,,2026-10-08T01:00:02
075180,2895.0,2615.0,3495.0,3074.52,-5.84,31.82,33.65,새론오토모티브,,2026-10-08T01:00:02
075130,2125.0,1780.0,3025.0,2319.38,-8.38,27.71,69.94,플랜티넷,,2026-10-08T01:00:02
075580,9580.0,8500.0,27400.0,16679.14,-42.56,5.71,222.35,세진중공업,,2026-10-08T01:00:02
076080,1017.0,623.0,2050.0,1166.61,-12.82,27.61,229.05,웰크론한텍,,2026-10-08T01:00:02
075970,1674.0,1374.0,3075.0,2076.7,-19.39,17.64,123.8,동국알앤에스,,2026-10-08T01:00:02
077360,13740.0,4345.0,21100.0,9918.09,38.53,56.07,385.62,덕산하이메탈,,2026-10-08T01:00:02
076610,1128.0,485.0,2930.0,1100.56,2.49,26.3,504.12,해성옵틱스,,2026-10-08T01:00:02
077500,9930.0,4075.0,10850.0,6722.71,47.71,86.42,166.26,유니퀘스트,,2026-10-08T01:00:02
077970,21200.0,18830.0,67700.0,34474.54,-38.51,4.85,259.53,STX엔진,,2026-10-08T01:00:02
078020,6390.0,4660.0,9190.0,6221.39,2.71,38.19,97.21,LS증권,,2026-10-08T01:00:02
078000,13580.0,11630.0,27450.0,15160.26,-10.42,12.33,136.03,텔코웨어,,2026-10-08T01:00:02
078070,9180.0,7200.0,21550.0,11114.39,-17.4,13.8,199.31,유비쿼스홀딩스,,2026-10-08T01:00:02
078130,3800.0,2610.0,5970.0,3736.39,1.7,35.42,128.74,국일제지,,2026-10-08T01:00:02
078150,2420.0,1575.0,6140.0,2244.91,7.8,18.51,289.84,HB테크놀러지,,2026-10-08T01:00:02
078140,7780.0,6780.0,14000.0,10410.04,-25.26,13.85,106.49,대봉엘에스,,2026-10-08T01:00:02
078520,11830.0,8710.0,16790.0,11236.62,5.28,38.61,92.77,에이블씨엔씨,,2026-10-08T01:00:02
078160,9860.0,7250.0,29100.0,15530.56,-36.51,11.95,301.38,메디포스트,,2026-10-08T01:00:02
078350,38400.0,8760.0,44300.0,23514.24,63.31,83.4,405.71,한양디지텍,,2026-10-08T01:00:02
078340,36200.0,22450.0,42200.0,32199.44,12.42,69.62,87.97,컴투스,,2026-10-08T01:00:02
078590,2715.0,1900.0,15265.0,5696.2,-52.34,6.1,703.42,휴림에이텍,,2026-10-08T01:00:02
078600,116600.0,58900.0,183300.0,93098.51,25.24,46.38,211.21,대주전자재료,,2026-10-08T01:00:02
078860,2930.0,2215.0,17460.0,7861.5,-62.73,4.69,688.26,아이오케이이엔엠,,2026-10-08T01:00:02
078890,4550.0,3200.0,10920.0,5313.62,-14.37,17.49,241.25,가온그룹,,2026-10-08T01:00:02
078930,106000.0,44000.0,133200.0,72034.94,47.15,69.51,202.73,GS,,2026-10-08T01:00:02
079000,3550.0,3505.0,13400.0,6056.28,-41.38,0.45,282.31,와토스코리아,,2026-10-08T01:00:02
079160,5030.0,4150.0,6660.0,5168.14,-2.67,35.06,60.48,CJ CGV,,2026-10-08T01:00:02
079170,5570.0,4230.0,7900.0,6266.19,-11.11,36.51,86.76,한창산업,,2026-10-08T01:00:02
079190,1697.0,890.0,2788.0,1596.36,6.3,42.52,213.26,케스피온,,2026-10-08T01:00:02
079550,625000.0,360000.0,1118000.0,636388.48,-1.79,34.96,210.56,LIG디펜스앤에어로스페이스,,2026-10-08T01:00:02
079430,5570.0,5100.0,9300.0,6571.3,-15.24,11.19,82.35,현대리바트,,2026-10-08T01:00:02
079370,14330.0,6580.0,20950.0,13774.57,4.03,53.93,218.39,제우스,,2026-10-08T01:00:02
079810,3785.0,2270.0,8440.0,4834.13,-21.7,24.55,271.81,APS이노베이션,,2026-10-08T01:00:02
079900,38300.0,25600.0,74350.0,48510.41,-21.05,26.05,190.43,전진건설로봇,,2026-10-08T01:00:02
079940,38950.0,24550.0,47900.0,32671.93,19.22,61.67,95.11,가비아,,2026-10-08T01:00:02
079980,1932.0,1630.0,4070.0,2535.96,-23.82,12.38,149.69,휴비스,,2026-10-08T01:00:02
079960,16480.0,16010.0,38050.0,24222.71,-31.96,2.13,137.66,동양이엔피,,2026-10-08T01:00:02
080160,7950.0,7690.0,17500.0,10517.58,-24.41,2.65,127.57,모두투어,,2026-10-08T01:00:02
080220,87900.0,14740.0,138000.0,51335.84,71.23,59.35,836.23,제주반도체,,2026-10-08T01:00:02
080010,7270.0,6100.0,8200.0,7101.38,2.37,55.71,34.43,이상네트웍스,,2026-10-08T01:00:02
080420,1604.0,1269.0,2380.0,1828.38,-12.27,30.15,87.55,모다이노칩,,2026-10-08T01:00:02
080470,2740.0,2595.0,4915.0,3753.87,-27.01,6.25,89.4,성창오토텍,,2026-10-08T01:00:02
080520,2835.0,2500.0,5720.0,3213.79,-11.79,10.4,128.8,오디텍,,2026-10-08T01:00:02
080580,28150.0,5800.0,29500.0,14995.13,87.73,94.3,408.62,오킨스전자,,2026-10-08T01:00:02
080530,2430.0,1995.0,6895.0,4216.12,-42.36,8.88,245.61,코디,,2026-10-08T01:00:02
081000,9520.0,7440.0,17190.0,11898.59,-19.99,21.33,131.05,일진다이아,,2026-10-08T01:00:02
081150,2595.0,2275.0,5570.0,3029.33,-14.34,9.71,144.84,티플랙스,,2026-10-08T01:00:02
081660,38500.0,36000.0,55800.0,42456.88,-9.32,12.63,55.0,미스토홀딩스,,2026-10-08T01:00:02
081180,6410.0,4015.0,19530.0,10054.68,-36.25,15.44,386.43,쎄크,,2026-10-08T01:00:02
081580,2395.0,2095.0,3695.0,2574.42,-6.97,18.75,76.37,성우전자,,2026-10-08T01:00:02
082210,1830.0,1241.0,2540.0,1835.22,-0.28,45.34,104.67,옵트론텍,,2026-10-08T01:00:02
082270,10780.0,8980.0,61000.0,27890.45,-61.35,3.46,579.29,젬백스,,2026-10-08T01:00:02
082740,42400.0,35800.0,94400.0,50653.35,-16.29,11.26,163.69,한화엔진,,2026-10-08T01:00:02
082800,3030.0,2070.0,8049.0,3865.52,-21.61,16.06,288.84,비보존 제약,,2026-10-08T01:00:02
082850,4665.0,3560.0,13375.0,8683.03,-46.27,11.26,275.7,우리바이오,,2026-10-08T01:00:02
083310,13470.0,6070.0,17940.0,12144.83,10.91,62.34,195.55,엘오티베큠,,2026-10-08T01:00:02
083420,4760.0,4095.0,7780.0,5813.09,-18.12,18.05,89.99,그린케미칼,,2026-10-08T01:00:02
082920,28350.0,12591.0,67800.0,28496.77,-0.52,28.54,438.48,비츠로셀,,2026-10-08T01:00:02
083470,959.0,610.0,1550.0,927.95,3.35,37.13,154.1,이엠앤아이,,2026-10-08T01:00:02
083450,58000.0,19370.0,70800.0,36737.03,57.88,75.11,265.51,GST,,2026-10-08T01:00:02
083500,16670.0,9550.0,24150.0,15023.01,10.96,48.77,152.88,에프엔에스테크,,2026-10-08T01:00:02
083550,3215.0,2240.0,3950.0,3219.68,-0.15,57.02,76.34,케이엠,,2026-10-08T01:00:02
083640,5180.0,4604.0,20869.0,7480.81,-30.76,3.54,353.28,인콘,,2026-10-08T01:00:02
083650,53900.0,33150.0,114200.0,64773.42,-16.79,25.6,244.49,비에이치아이,,2026-10-08T01:00:02
083660,1434.0,1310.0,11160.0,3170.74,-54.77,1.26,751.91,CSA 코스믹,,2026-10-08T01:00:02
083790,907.0,711.0,1985.0,1266.32,-28.38,15.38,179.18,CG인바이츠,,2026-10-08T01:00:02
083930,12940.0,9110.0,17500.0,13650.04,-5.2,45.65,92.1,아바코,,2026-10-08T01:00:02
084010,9020.0,6800.0,15503.0,10173.51,-11.34,25.51,127.99,대한제강,,2026-10-08T01:00:02
084110,23550.0,20100.0,76700.0,43939.96,-46.4,6.1,281.59,휴온스글로벌,,2026-10-08T01:00:02
084370,176300.0,44500.0,231500.0,114163.38,54.43,70.48,420.22,유진테크,,2026-10-08T01:00:02
084690,7880.0,6470.0,11060.0,8957.21,-12.03,30.72,70.94,대상홀딩스,,2026-10-08T01:00:02
084730,6990.0,5500.0,10730.0,7863.2,-11.1,28.49,95.09,팅크웨어,,2026-10-08T01:00:02
084850,7660.0,6610.0,19620.0,10998.48,-30.35,8.07,196.82,아이티엠반도체,,2026-10-08T01:00:02
084870,2165.0,1073.0,2460.0,1729.27,25.2,78.73,129.26,티비에이치글로벌,,2026-10-08T01:00:02
084990,3950.0,2725.0,9960.0,5633.66,-29.89,16.93,265.5,헬릭스미스,,2026-10-08T01:00:02
085310,8690.0,6950.0,17610.0,11233.09,-22.64,16.32,153.38,엔케이,,2026-10-08T01:00:02
085620,20700.0,6970.0,37300.0,14343.98,44.31,45.27,435.15,미래에셋생명,,2026-10-08T01:00:02
085660,8270.0,7600.0,23950.0,13458.59,-38.55,4.1,215.13,차바이오텍,,2026-10-08T01:00:02
085670,3865.0,2260.0,7280.0,4821.08,-19.83,31.97,222.12,뉴프렉스,,2026-10-08T01:00:02
085810,1371.0,1050.0,4257.0,2566.77,-46.59,10.01,305.43,알티캐스트,,2026-10-08T01:00:02
086040,2290.0,1896.0,4115.0,2733.61,-16.23,17.76,117.04,바이오톡스텍,,2026-10-08T01:00:02
086060,4965.0,3525.0,5990.0,4461.88,11.28,58.42,69.93,진바이오텍,,2026-10-08T01:00:02
085910,20700.0,3090.0,36300.0,14821.64,39.66,53.03,1074.76,네오티스,,2026-10-08T01:00:02
086280,183400.0,156100.0,296000.0,205601.49,-10.8,19.51,89.62,현대글로비스,,2026-10-08T01:00:02
086390,14700.0,6030.0,23700.0,15146.32,-2.95,49.07,293.03,유니테스트,,2026-10-08T01:00:02
086450,22700.0,16260.0,31250.0,19665.99,15.43,42.96,92.19,동국제약,,2026-10-08T01:00:02
086520,93400.0,45550.0,190000.0,105990.33,-11.88,33.13,317.12,에코프로,,2026-10-08T01:00:02
086670,19020.0,10320.0,22200.0,14257.88,33.4,73.23,115.12,비엠티,,2026-10-08T01:00:02
086710,7080.0,6000.0,11880.0,9013.72,-21.45,18.37,98.0,선진뷰티사이언스,,2026-10-08T01:00:02
086790,126800.0,80500.0,142500.0,111121.19,14.11,74.68,77.02,하나금융지주,,2026-10-08T01:00:02
086900,67100.0,65600.0,141100.0,103355.02,-35.08,1.99,115.09,메디톡스,,2026-10-08T01:00:02
086890,4050.0,2890.0,6350.0,4595.48,-11.87,33.53,119.72,이수앱지스,,2026-10-08T01:00:02
086820,6650.0,5240.0,13450.0,8294.68,-19.83,17.17,156.68,바이오솔루션,,2026-10-08T01:00:02
086960,2370.0,1550.0,4554.0,2933.15,-19.2,27.3,193.81,MDS테크,,2026-10-08T01:00:02
086980,1731.0,1688.0,3200.0,2458.45,-29.59,2.84,89.57,쇼박스,,2026-10-08T01:00:02
087600,3955.0,2935.0,8450.0,5542.32,-28.64,18.5,187.9,픽셀플러스,,2026-10-08T01:00:02
088130,5700.0,3345.0,14620.0,5928.33,-3.85,20.89,337.07,동아엘텍,,2026-10-08T01:00:02
087010,92700.0,91500.0,392500.0,242863.2,-61.83,0.4,328.96,펩트론,,2026-10-08T01:00:02
088260,3210.0,2765.0,5340.0,4260.17,-24.65,17.28,93.13,이리츠코크렙,,2026-10-08T01:00:02
088280,3180.0,1605.0,8640.0,2863.12,11.07,22.39,438.32,쏘닉스,,2026-10-08T01:00:02
088340,6370.0,5390.0,21450.0,11775.24,-45.9,6.1,297.96,유라클,,2026-10-08T01:00:02
088290,2500.0,1358.0,6740.0,3392.03,-26.3,21.22,396.32,이원컴포텍,,2026-10-08T01:00:02
088350,5280.0,2930.0,7560.0,4273.31,23.56,50.76,158.02,한화생명,,2026-10-08T01:00:02
088390,8230.0,5120.0,17300.0,10040.11,-18.03,25.53,237.89,이녹스,,2026-10-08T01:00:02
088790,2330.0,1806.0,3050.0,2254.11,3.37,42.12,68.88,진도,,2026-10-08T01:00:02
089010,29250.0,16250.0,48900.0,29590.78,-1.15,39.82,200.92,켐트로닉스,,2026-10-08T01:00:02
089030,54900.0,30300.0,74000.0,51201.3,7.22,56.29,144.22,테크윙,,2026-10-08T01:00:02
088910,1952.0,1935.0,2730.0,2195.28,-11.08,2.14,41.09,동우팜투테이블,,2026-10-08T01:00:02
088800,2325.0,1330.0,7890.0,2897.77,-19.77,15.17,493.23,에이스테크,,2026-10-08T01:00:02
089150,1613.0,1463.0,4570.0,2796.88,-42.33,4.83,212.37,케이씨티,,2026-10-08T01:00:02
089140,2300.0,1853.0,3250.0,2291.67,0.36,32.0,75.39,넥스턴앤롤코리아,,2026-10-08T01:00:02
089230,2125.0,860.0,4500.0,1784.54,19.08,34.75,423.26,THE E&M,,2026-10-08T01:00:02
089470,3865.0,3400.0,6600.0,4379.05,-11.74,14.53,94.12,HDC현대EP,,2026-10-08T01:00:02
089590,4505.0,3985.0,6790.0,5239.52,-14.02,18.54,70.39,제주항공,,2026-10-08T01:00:02
089790,7260.0,2935.0,8040.0,5059.31,43.5,84.72,173.94,제이티,,2026-10-08T01:00:02
089600,12420.0,9040.0,15160.0,12260.26,1.3,55.23,67.7,KT나스미디어,,2026-10-08T01:00:02
089860,51100.0,26650.0,53100.0,34165.99,49.56,92.44,99.25,롯데렌탈,,2026-10-08T01:00:02
089890,33350.0,10270.0,51400.0,26515.13,25.78,56.11,400.49,코세스,,2026-10-08T01:00:02
089850,4185.0,3660.0,6780.0,5096.41,-17.88,16.83,85.25,유비벨록스,,2026-10-08T01:00:02
089980,16420.0,10600.0,30050.0,18279.07,-10.17,29.92,183.49,상아프론테크,,2026-10-08T01:00:02
089970,66400.0,11700.0,122100.0,46389.55,43.14,49.55,943.59,브이엠,,2026-10-08T01:00:02
090150,5990.0,4500.0,10500.0,7009.41,-14.54,24.83,133.33,아이윈,,2026-10-08T01:00:02
090080,1000.0,787.0,1134.0,956.57,4.54,61.38,44.09,평화산업,,2026-10-08T01:00:02
090350,8370.0,7000.0,10570.0,8333.94,0.43,38.38,51.0,노루페인트,,2026-10-08T01:00:02
090360,77300.0,27350.0,171600.0,73212.45,5.58,34.63,527.42,로보스타,,2026-10-08T01:00:02
090460,22100.0,12440.0,43400.0,20506.06,7.77,31.2,248.87,비에이치,,2026-10-08T01:00:02
090410,3360.0,2810.0,7980.0,5630.89,-40.33,10.64,183.99,덕신이피씨,,2026-10-08T01:00:02
090430,133500.0,94000.0,169000.0,128047.58,4.26,52.67,79.79,아모레퍼시픽,,2026-10-08T01:00:02
090370,1148.0,911.0,2630.0,1389.21,-17.36,13.79,188.69,메타랩스,,2026-10-08T01:00:02
090470,4100.0,2965.0,10100.0,5340.74,-23.23,15.91,240.64,제이스로보틱스,,2026-10-08T01:00:02
091120,5860.0,3400.0,10540.0,6782.64,-13.6,34.45,210.0,이엠텍,,2026-10-08T01:00:02
090850,4885.0,4765.0,6690.0,5559.83,-12.14,6.23,40.4,현대이지웰,,2026-10-08T01:00:02
091440,2730.0,1790.0,3950.0,2790.43,-2.17,43.52,120.67,한울소재과학,,2026-10-08T01:00:02
091340,2725.0,1851.0,2805.0,2355.62,15.68,91.61,51.54,S&K폴리텍,,2026-10-08T01:00:02
091580,25800.0,9490.0,31550.0,16601.82,55.4,73.93,232.46,상신이디피,,2026-10-08T01:00:02
091590,5590.0,3200.0,12190.0,4570.11,22.32,26.59,280.94,남화토건,,2026-10-08T01:00:02
091700,5150.0,4950.0,8730.0,6785.39,-24.1,5.29,76.36,파트론,,2026-10-08T01:00:02
091810,2645.0,2465.0,9275.0,5652.3,-53.2,2.64,276.27,트리니티항공,,2026-10-08T01:00:02
092040,985.0,787.0,4400.0,1951.45,-49.52,5.48,459.09,아미코젠,,2026-10-08T01:00:02
091970,3585.0,2335.0,5590.0,3403.72,5.33,38.4,139.4,LSK아이로봇,,2026-10-08T01:00:02
092070,15160.0,9600.0,26000.0,16423.16,-7.69,33.9,170.83,디엔에프,,2026-10-08T01:00:02
092130,14120.0,13320.0,18490.0,15485.17,-8.82,15.47,38.81,이크레더블,,2026-10-08T01:00:02
092200,5740.0,3790.0,15150.0,7538.25,-23.86,17.17,299.74,디아이씨,,2026-10-08T01:00:02
092220,3180.0,2140.0,10450.0,4481.58,-29.04,12.52,388.32,KEC,,2026-10-08T01:00:02
092230,96600.0,64600.0,105400.0,80425.65,20.11,78.43,63.16,KPX홀딩스,,2026-10-08T01:00:02
092440,1838.0,1782.0,2645.0,2204.07,-16.61,6.49,48.43,기신정기,,2026-10-08T01:00:02
092300,2790.0,1860.0,4972.0,3125.48,-10.73,29.88,167.31,현우산업,,2026-10-08T01:00:02
092460,16990.0,13050.0,22150.0,16743.83,1.47,43.3,69.73,한라IMS,,2026-10-08T01:00:02
092600,2465.0,1647.0,9735.0,3115.99,-20.89,10.11,491.07,앤씨앤,,2026-10-08T01:00:02
092730,23450.0,15590.0,26000.0,19175.13,22.29,75.5,66.77,네오팜,,2026-10-08T01:00:02
092780,3300.0,2870.0,10250.0,4052.23,-18.56,5.83,257.14,DYP,,2026-10-08T01:00:02
092790,13620.0,9030.0,23000.0,12657.21,7.61,32.86,154.71,넥스틸,,2026-10-08T01:00:02
092870,53100.0,9690.0,54600.0,23024.01,130.63,96.66,463.47,엑시콘,,2026-10-08T01:00:02
093050,23600.0,17010.0,26450.0,21025.09,12.25,69.81,55.5,LF,,2026-10-08T01:00:02
093190,8190.0,5290.0,9870.0,7207.92,13.63,63.32,86.58,빅솔론,,2026-10-08T01:00:02
093320,128900.0,80000.0,163700.0,114769.89,12.31,58.42,104.62,케이아이엔엑스,,2026-10-08T01:00:02
093370,15530.0,5450.0,23550.0,10101.86,53.73,55.69,332.11,후성,,2026-10-08T01:00:02
093380,2790.0,2025.0,3395.0,2779.54,0.38,55.84,67.65,풍강,,2026-10-08T01:00:02
093640,4780.0,2960.0,6230.0,4090.59,16.85,55.66,110.47,케이알엠,,2026-10-08T01:00:02
093520,28750.0,16000.0,33850.0,23599.44,21.82,71.43,111.56,매커스,,2026-10-08T01:00:02
093920,4800.0,4500.0,5750.0,5177.34,-7.29,24.0,27.78,서원인텍,,2026-10-08T01:00:02
094170,25350.0,16280.0,56400.0,29269.85,-13.39,22.61,246.44,동운아나텍,,2026-10-08T01:00:02
094280,11810.0,11410.0,13430.0,12466.39,-5.27,19.8,17.7,효성 ITX,,2026-10-08T01:00:02
094360,12870.0,7740.0,21150.0,15246.8,-15.59,38.26,173.26,칩스앤미디어,,2026-10-08T01:00:02
094480,5580.0,4055.0,12250.0,8122.84,-31.3,18.61,202.1,갤럭시아머니트리,,2026-10-08T01:00:02
094820,12040.0,9010.0,24500.0,13597.58,-11.45,19.56,171.92,일진파워,,2026-10-08T01:00:02
094840,13090.0,5860.0,15600.0,9093.01,43.96,74.23,166.21,슈프리마에이치큐,,2026-10-08T01:00:02
094860,1566.0,907.0,1976.0,1275.43,22.78,61.65,117.86,네오리진,,2026-10-08T01:00:02
094850,4120.0,3920.0,7770.0,5369.74,-23.27,5.19,98.21,참좋은여행,,2026-10-08T01:00:02
094940,6140.0,4715.0,15700.0,8372.03,-26.66,12.97,232.98,푸른로보틱스,,2026-10-08T01:00:02
094970,2755.0,2265.0,4275.0,2894.57,-4.82,24.38,88.74,제이엠티,,2026-10-08T01:00:02
095190,1850.0,1555.0,2965.0,2135.22,-13.36,20.92,90.68,신화프리텍,,2026-10-08T01:00:02
095270,4570.0,3215.0,12150.0,5084.16,-10.11,15.17,277.92,웨이브일렉트로,,2026-10-08T01:00:02
095340,204500.0,55100.0,292500.0,153825.28,32.94,62.93,430.85,ISC,,2026-10-08T01:00:02
095500,7160.0,5220.0,14160.0,9445.91,-24.2,21.7,171.26,미래나노텍,,2026-10-08T01:00:02
095570,4260.0,3825.0,5570.0,4582.86,-7.04,24.93,45.62,AJ네트웍스,,2026-10-08T01:00:02
095610,165100.0,27950.0,236500.0,90636.06,82.16,65.76,746.15,테스,,2026-10-08T01:00:02
095660,17800.0,16100.0,31550.0,22751.12,-21.76,11.0,95.96,네오위즈,,2026-10-08T01:00:02
095700,2950.0,2140.0,7490.0,4243.72,-30.49,15.14,250.0,제넥신,,2026-10-08T01:00:02
095720,1207.0,1055.0,3603.0,2147.57,-43.8,5.97,241.52,웅진씽크빅,,2026-10-08T01:00:02
096240,8490.0,7900.0,14310.0,10787.4,-21.3,9.2,81.14,크레버스,,2026-10-08T01:00:02
096250,5650.0,5010.0,17190.0,9968.59,-43.32,5.25,243.11,와이즈넛,,2026-10-08T01:00:02
096350,1866.0,1348.0,4180.0,2260.04,-17.43,18.29,210.09,대창솔루션,,2026-10-08T01:00:02
096530,37850.0,21700.0,40450.0,27008.18,40.14,86.13,86.41,씨젠,,2026-10-08T01:00:02
096630,1652.0,1276.0,5500.0,2991.64,-44.78,8.9,331.03,에스코넥,,2026-10-08T01:00:02
096690,6500.0,4755.0,12942.0,8168.98,-20.43,21.31,172.18,에이루트,,2026-10-08T01:00:02
096760,4170.0,3145.0,4720.0,3824.31,9.04,65.08,50.08,JW홀딩스,,2026-10-08T01:00:02
096770,162800.0,87700.0,164700.0,117638.29,38.39,97.53,87.8,SK이노베이션,,2026-10-08T01:00:02
096870,2475.0,1615.0,3355.0,2444.83,1.23,49.43,107.74,엘디티,,2026-10-08T01:00:02
097230,14550.0,12910.0,34350.0,22628.66,-35.7,7.65,166.07,HJ중공업,,2026-10-08T01:00:02
097520,19170.0,15600.0,32500.0,24524.5,-21.83,21.12,108.33,엠씨넥스,,2026-10-08T01:00:02
097800,3705.0,1324.0,4535.0,2410.86,53.68,74.15,242.52,윈팩,,2026-10-08T01:00:02
097780,1487.0,985.0,3086.0,1850.61,-19.65,23.89,213.3,에코볼트,,2026-10-08T01:00:02
097870,4330.0,3860.0,8000.0,5694.29,-23.96,11.35,107.25,효성오앤비,,2026-10-08T01:00:02
097950,184100.0,172600.0,252000.0,210267.29,-12.44,14.48,46.0,CJ제일제당,,2026-10-08T01:00:02
098070,23200.0,20800.0,62200.0,35392.75,-34.45,5.8,199.04,한텍,,2026-10-08T01:00:02
098120,60600.0,15500.0,63000.0,27993.23,116.48,94.95,306.45,마이크로컨텍솔,,2026-10-08T01:00:02
098460,38150.0,13800.0,45000.0,27295.99,39.76,78.04,226.09,고영,,2026-10-08T01:00:02
098660,1724.0,1240.0,2280.0,1710.71,0.78,46.54,83.87,에스티오,,2026-10-08T01:00:02
099190,16660.0,14000.0,27600.0,17881.08,-6.83,19.56,97.14,아이센스,,2026-10-08T01:00:02
099320,72200.0,45650.0,224000.0,106166.73,-31.99,14.89,390.69,쎄트렉아이,,2026-10-08T01:00:02
099390,3660.0,2850.0,6650.0,4466.75,-18.06,21.32,133.33,브레인즈컴퍼니,,2026-10-08T01:00:02
099410,2935.0,2475.0,7340.0,4523.07,-35.11,9.46,196.57,동방선기,,2026-10-08T01:00:02
099430,3840.0,3065.0,7350.0,5054.46,-24.03,18.09,139.8,바이오플러스,,2026-10-08T01:00:02
099440,3800.0,2415.0,8340.0,4580.32,-17.04,23.38,245.34,스맥,,2026-10-08T01:00:02
100030,18700.0,15300.0,23700.0,19451.04,-3.86,40.48,54.9,인지소프트,,2026-10-08T01:00:02
099750,7170.0,5780.0,11810.0,8073.78,-11.19,23.05,104.33,이지케어텍,,2026-10-08T01:00:02
100090,12280.0,11010.0,31600.0,18928.85,-35.13,6.17,187.01,SK오션플랜트,,2026-10-08T01:00:02
100120,29650.0,18010.0,34900.0,23916.84,23.97,68.92,93.78,뷰웍스,,2026-10-08T01:00:02
100130,1660.0,1229.0,2795.0,1952.57,-14.98,27.52,127.42,동국S&C,,2026-10-08T01:00:02
100590,6070.0,2480.0,12750.0,4312.79,40.74,34.96,414.11,머큐리,,2026-10-08T01:00:02
100250,3025.0,2790.0,3360.0,3063.78,-1.27,41.23,20.43,진양홀딩스,,2026-10-08T01:00:02
100220,4940.0,4460.0,7470.0,5396.8,-8.46,15.95,67.49,비상교육,,2026-10-08T01:00:02
100660,3245.0,2505.0,6180.0,3902.04,-16.84,20.14,146.71,서암기계공업,,2026-10-08T01:00:02
100700,2340.0,2050.0,3430.0,2453.07,-4.61,21.01,67.32,세운메디칼,,2026-10-08T01:00:02
100840,32700.0,21200.0,67900.0,41970.07,-22.09,24.63,220.28,SNT에너지,,2026-10-08T01:00:02
100790,17330.0,5900.0,70700.0,20615.72,-15.94,17.64,1098.31,미래에셋벤처투자,,2026-10-08T01:00:02
101140,5120.0,4255.0,14300.0,9045.54,-43.4,8.61,236.08,인바이오젠,,2026-10-08T01:00:02
101160,32750.0,20700.0,35400.0,27045.35,21.09,81.97,71.01,월덱스,,2026-10-08T01:00:02
101360,9140.0,4855.0,26900.0,15935.17,-42.64,19.44,454.07,에코앤드림,,2026-10-08T01:00:02
101240,3305.0,2680.0,5300.0,3878.66,-14.79,23.85,97.76,씨큐브,,2026-10-08T01:00:02
101330,4115.0,2840.0,9140.0,3987.64,3.19,20.24,221.83,모베이스,,2026-10-08T01:00:02
101400,1769.0,1298.0,4442.0,2158.65,-18.05,14.98,242.22,엔시트론,,2026-10-08T01:00:02
101170,8940.0,4935.0,24000.0,10683.1,-16.32,21.01,386.32,우림피티에스,,2026-10-08T01:00:02
101490,53600.0,31900.0,108400.0,62248.51,-13.89,28.37,239.81,에스앤에스텍,,2026-10-08T01:00:02
101670,562.0,455.0,3085.0,1727.26,-67.46,4.07,578.02,하이드로리튬,,2026-10-08T01:00:02
101730,4865.0,2600.0,8160.0,5460.87,-10.91,40.74,213.85,위메이드맥스,,2026-10-08T01:00:02
101680,2775.0,1900.0,4300.0,2560.91,8.36,36.46,126.32,한국정밀기계,,2026-10-08T01:00:02
101930,6030.0,5480.0,17000.0,9267.99,-34.94,4.77,210.22,인화정공,,2026-10-08T01:00:02
102120,8810.0,5410.0,16850.0,10714.13,-17.77,29.72,211.46,어보브반도체,,2026-10-08T01:00:02
101970,10170.0,7970.0,21400.0,12212.49,-16.72,16.38,168.51,우양에이치씨,,2026-10-08T01:00:02
102370,2875.0,2535.0,4840.0,3486.77,-17.55,14.75,90.93,케이옥션,,2026-10-08T01:00:02
102260,3730.0,3150.0,4773.0,4043.88,-7.76,35.74,51.52,동성케미컬,,2026-10-08T01:00:02
102940,14440.0,13210.0,72700.0,41825.72,-65.48,2.07,450.34,코오롱생명과학,,2026-10-08T01:00:02
102460,10070.0,9100.0,13200.0,10703.35,-5.92,23.66,45.05,이연제약,,2026-10-08T01:00:02
102710,50800.0,33300.0,65000.0,48784.76,4.13,55.21,95.2,이엔에프테크놀로지,,2026-10-08T01:00:02
103140,66900.0,55200.0,159200.0,97294.42,-31.24,11.25,188.41,풍산,,2026-10-08T01:00:02
103230,1637.0,1287.0,6100.0,3573.2,-54.19,7.27,373.97,에스앤더블류,,2026-10-08T01:00:02
103590,81300.0,33500.0,147900.0,69121.38,17.62,41.78,341.49,일진전기,,2026-10-08T01:00:02
103840,1560.0,1529.0,5470.0,2906.68,-46.33,0.79,257.75,우양,,2026-10-08T01:00:02
104040,3065.0,1410.0,6450.0,3305.29,-7.27,32.84,357.45,디에스엠,,2026-10-08T01:00:02
104200,2580.0,1942.0,7240.0,3524.59,-26.8,12.04,272.81,NHN벅스,,2026-10-08T01:00:02
104460,6730.0,6350.0,16600.0,12371.41,-45.6,3.71,161.42,디와이피엔에프,,2026-10-08T01:00:02
104480,1943.0,1358.0,2915.0,1807.07,7.52,37.57,114.65,티케이케미칼,,2026-10-08T01:00:02
104620,3125.0,2660.0,7580.0,4550.65,-31.33,9.45,184.96,노랑풍선,,2026-10-08T01:00:02
104540,6020.0,3385.0,7440.0,5284.26,13.92,64.98,119.79,코렌텍,,2026-10-08T01:00:02
104830,40800.0,22900.0,56100.0,37299.81,9.38,53.92,144.98,원익머트리얼즈,,2026-10-08T01:00:02
104700,9400.0,7610.0,11720.0,9670.26,-2.79,43.55,54.01,한국철강,,2026-10-08T01:00:02
105330,9100.0,4100.0,11400.0,6815.22,33.52,68.49,178.05,케이엔더블유,,2026-10-08T01:00:02
105550,1640.0,1565.0,13375.0,5846.25,-71.95,0.64,754.63,엣지파운드리,,2026-10-08T01:00:02
105560,166000.0,105800.0,194500.0,146625.28,13.21,67.87,83.84,KB금융,,2026-10-08T01:00:02
105630,8800.0,7800.0,15540.0,10999.37,-20.0,12.92,99.23,한세실업,,2026-10-08T01:00:02
105740,11300.0,6170.0,12240.0,9079.52,24.46,84.51,98.38,디케이락,,2026-10-08T01:00:02
105760,5270.0,3230.0,6900.0,5134.67,2.64,55.59,113.62,포스뱅크,,2026-10-08T01:00:02
105840,12440.0,10330.0,31700.0,18500.89,-32.76,9.87,206.87,우진,,2026-10-08T01:00:02
107590,60000.0,52400.0,73600.0,63760.97,-5.9,35.85,40.46,미원홀딩스,,2026-10-08T01:00:02
106240,1267.0,1001.0,2640.0,1563.42,-18.96,16.23,163.74,파인테크닉스,,2026-10-08T01:00:02
106190,10010.0,9500.0,25000.0,13565.5,-26.21,3.29,163.16,하이텍팜,,2026-10-08T01:00:02
107600,14700.0,9300.0,42750.0,25002.9,-41.21,16.14,359.68,새빗켐,,2026-10-08T01:00:02
107640,46900.0,23200.0,73000.0,45091.26,4.01,47.59,214.66,한중엔시에스,,2026-10-08T01:00:02
108230,3240.0,2550.0,5260.0,4099.87,-20.97,25.46,106.27,톱텍,,2026-10-08T01:00:02
108320,37800.0,29500.0,67300.0,49321.38,-23.36,21.96,128.14,LX세미콘,,2026-10-08T01:00:02
108380,17920.0,14000.0,36650.0,24817.32,-27.79,17.31,161.79,대양전기공업,,2026-10-08T01:00:02
108490,304500.0,84138.0,464000.0,249107.3,22.24,58.01,451.47,로보티즈,,2026-10-08T01:00:02
108670,32550.0,27000.0,43000.0,31236.06,4.21,34.69,59.26,LX하우시스,,2026-10-08T01:00:02
109080,9780.0,6840.0,22800.0,9880.26,-1.01,18.42,233.33,옵티시스,,2026-10-08T01:00:02
108860,8940.0,6100.0,17580.0,11388.51,-21.5,24.74,188.2,셀바스AI,,2026-10-08T01:00:02
109610,1842.0,1479.0,3670.0,2642.79,-30.3,16.57,148.14,에스와이,,2026-10-08T01:00:02
109740,3955.0,3700.0,9280.0,6209.03,-36.3,4.57,150.81,디에스케이,,2026-10-08T01:00:02
109860,7580.0,6910.0,8880.0,7584.2,-0.06,34.01,28.51,동일금속,,2026-10-08T01:00:02
109820,1719.0,1201.0,3835.0,2081.57,-17.42,19.67,219.32,진매트릭스,,2026-10-08T01:00:02
110020,2085.0,1482.0,3485.0,2311.43,-9.8,30.1,135.16,전진바이오팜,,2026-10-08T01:00:02
109960,1873.0,1430.0,8059.0,3735.1,-49.85,6.68,463.57,앱토크롬,,2026-10-08T01:00:02
111110,6320.0,6100.0,8840.0,7341.3,-13.91,8.03,44.92,호전실업,,2026-10-08T01:00:02
110790,2970.0,2525.0,4950.0,3745.63,-20.71,18.35,96.04,크리스에프앤씨,,2026-10-08T01:00:02
110990,19030.0,11280.0,29000.0,18204.57,4.53,43.74,157.09,디아이티,,2026-10-08T01:00:02
111380,12820.0,10850.0,17450.0,13677.7,-6.27,29.85,60.83,동인기연,,2026-10-08T01:00:02
111770,70200.0,56800.0,103200.0,78903.72,-11.03,28.88,81.69,영원무역,,2026-10-08T01:00:02
111710,3175.0,2600.0,7820.0,4024.59,-21.11,11.02,200.77,남화산업,,2026-10-08T01:00:02
112040,15670.0,12570.0,34850.0,22591.64,-30.64,13.91,177.25,위메이드,,2026-10-08T01:00:02
112610,57400.0,34500.0,79400.0,47807.81,20.06,51.0,130.14,씨에스윈드,,2026-10-08T01:00:02
112290,12660.0,7400.0,17700.0,11386.58,11.18,51.07,139.19,와이씨켐,,2026-10-08T01:00:02
113810,3120.0,1740.0,5945.0,3505.96,-11.01,32.82,241.67,디젠스,,2026-10-08T01:00:02
114090,8600.0,8320.0,17700.0,12513.09,-31.27,2.99,112.74,GKL,,2026-10-08T01:00:02
114190,9200.0,6040.0,20250.0,12382.27,-25.7,22.24,235.26,강원에너지,,2026-10-08T01:00:02
114450,2390.0,1673.0,4590.0,2676.58,-10.71,24.58,174.36,그린생명과학,,2026-10-08T01:00:02
114630,1599.0,1324.0,3045.0,2177.48,-26.57,15.98,129.98,폴라리스우노,,2026-10-08T01:00:02
114810,15160.0,7050.0,19900.0,13582.27,11.62,63.11,182.27,한솔아이원스,,2026-10-08T01:00:02
114840,8250.0,6160.0,27000.0,12948.66,-36.29,10.03,338.31,아이패밀리에스씨,,2026-10-08T01:00:02
115160,5640.0,4850.0,10790.0,7553.16,-25.33,13.3,122.47,휴맥스,,2026-10-08T01:00:02
115180,22750.0,10980.0,62900.0,26718.51,-14.85,22.67,472.86,큐리언트,,2026-10-08T01:00:02
115310,9590.0,6050.0,20160.0,12079.48,-20.61,25.09,233.22,인포바인,,2026-10-08T01:00:02
115440,11290.0,5290.0,21350.0,8765.8,28.8,37.36,303.59,우리넷,,2026-10-08T01:00:02
115450,3020.0,1342.0,4160.0,2761.68,9.35,59.55,209.99,HLB테라퓨틱스,,2026-10-08T01:00:02
115480,2240.0,1624.0,3310.0,2576.69,-13.07,36.54,103.82,씨유메디칼,,2026-10-08T01:00:02
115530,2910.0,1430.0,4740.0,3096.84,-6.03,44.71,231.47,씨엔플러스,,2026-10-08T01:00:02
115500,11880.0,6120.0,27500.0,10578.7,12.3,26.94,349.35,케이씨에스,,2026-10-08T01:00:02
115570,2675.0,1923.0,3440.0,2856.34,-6.35,49.57,78.89,스타플렉스,,2026-10-08T01:00:02
115610,1857.0,1190.0,5003.0,2275.65,-18.4,17.49,320.42,이미지스,,2026-10-08T01:00:02
117580,7060.0,6400.0,16150.0,8079.67,-12.62,6.77,152.34,대성에너지,,2026-10-08T01:00:02
117670,13780.0,6100.0,21300.0,11543.75,19.37,50.53,249.18,알파칩스,,2026-10-08T01:00:02
118000,1191.0,1001.0,4090.0,2330.7,-48.9,6.15,308.59,메타케어,,2026-10-08T01:00:02
117730,14560.0,9800.0,30900.0,16951.38,-14.11,22.56,215.31,티로보틱스,,2026-10-08T01:00:02
118990,6270.0,4240.0,11570.0,7863.92,-20.27,27.69,172.88,모트렉스,,2026-10-08T01:00:02
119500,2370.0,2125.0,6210.0,3388.66,-30.06,6.0,192.24,포메탈,,2026-10-08T01:00:02
119610,17410.0,12420.0,23100.0,17261.64,0.86,46.72,85.99,인터로조,,2026-10-08T01:00:02
119830,6570.0,4300.0,9730.0,6462.03,1.67,41.8,126.28,아이텍,,2026-10-08T01:00:02
119850,49350.0,18350.0,59000.0,35620.33,38.54,76.26,221.53,지엔씨에너지,,2026-10-08T01:00:02
120030,81800.0,76000.0,141800.0,95819.7,-14.63,8.81,86.58,조선선재,,2026-10-08T01:00:02
120110,57600.0,33750.0,104900.0,56487.17,1.97,33.52,210.81,코오롱인더,,2026-10-08T01:00:02
121440,7690.0,4090.0,8440.0,5582.64,37.75,82.76,106.36,골프존홀딩스,,2026-10-08T01:00:02
120240,14760.0,12030.0,15230.0,13527.17,9.11,85.31,26.6,대정화금,,2026-10-08T01:00:02
121600,64600.0,33200.0,95300.0,58136.62,11.12,50.56,187.05,나노신소재,,2026-10-08T01:00:02
121890,2880.0,1312.0,3010.0,1886.49,52.66,92.34,129.42,에스디시스템,,2026-10-08T01:00:02
122310,3320.0,3100.0,5590.0,4186.62,-20.7,8.84,80.32,제노레이,,2026-10-08T01:00:02
122350,1938.0,836.0,2345.0,1466.09,32.19,73.03,180.5,삼기,,2026-10-08T01:00:02
122450,2470.0,2250.0,4460.0,3275.91,-24.6,9.95,98.22,KX,,2026-10-08T01:00:02
122640,33300.0,15200.0,44000.0,23626.43,40.94,62.85,189.47,예스티,,2026-10-08T01:00:02
122690,1589.0,1462.0,4300.0,2167.97,-26.71,4.47,194.12,서진오토모티브,,2026-10-08T01:00:02
122870,40500.0,34300.0,105900.0,60817.1,-33.41,8.66,208.75,와이지엔터테인먼트,,2026-10-08T01:00:02
122990,6380.0,5270.0,9340.0,6390.78,-0.17,27.27,77.23,와이솔,,2026-10-08T01:00:02
122900,8200.0,6890.0,10330.0,7779.67,5.4,38.08,49.93,아이마켓코리아,,2026-10-08T01:00:02
123010,4770.0,1304.0,6274.0,2743.16,73.89,69.74,381.13,알엔티엑스,,2026-10-08T01:00:02
123040,1742.0,1260.0,3355.0,2105.97,-17.28,23.01,166.27,엠에스오토텍,,2026-10-08T01:00:02
123330,21400.0,15570.0,38900.0,23706.73,-9.73,24.99,149.84,제닉,,2026-10-08T01:00:02
123410,5570.0,4600.0,9550.0,6702.29,-16.89,19.6,107.61,코리아에프티,,2026-10-08T01:00:02
123420,6350.0,4860.0,11630.0,7489.03,-15.21,22.01,139.3,위메이드플레이,,2026-10-08T01:00:02
123570,1624.0,1525.0,2425.0,1903.0,-14.66,11.0,59.02,이엠넷,,2026-10-08T01:00:02
123690,6440.0,4905.0,13080.0,8542.86,-24.62,18.78,166.67,한국화장품,,2026-10-08T01:00:02
123700,3250.0,2945.0,4200.0,3571.15,-8.99,24.3,42.61,에스제이엠,,2026-10-08T01:00:02
123860,12790.0,10750.0,22900.0,16378.77,-21.91,16.79,113.02,아나패스,,2026-10-08T01:00:02
123890,2425.0,2040.0,3470.0,2461.32,-1.48,26.92,70.1,한국자산신탁,,2026-10-08T01:00:02
123840,1718.0,1355.0,14010.0,6896.61,-75.09,2.87,933.95,뉴온,,2026-10-08T01:00:02
123750,1731.0,1265.0,3500.0,1854.86,-6.68,20.85,176.68,알톤,,2026-10-08T01:00:02
124560,1980.0,1410.0,3655.0,2489.2,-20.46,25.39,159.22,태웅로직스,,2026-10-08T01:00:02
125020,6040.0,2990.0,10410.0,5191.0,16.36,41.11,248.16,티씨머티리얼즈,,2026-10-08T01:00:02
124500,26550.0,13990.0,75500.0,34104.83,-22.15,20.42,439.67,아이티센글로벌,,2026-10-08T01:00:02
125210,6780.0,4350.0,16750.0,7419.61,-8.62,19.6,285.06,아모그린텍,,2026-10-08T01:00:02
125490,12990.0,4355.0,25350.0,13097.04,-0.82,41.13,482.09,한라캐스트,,2026-10-08T01:00:02
126340,90800.0,40810.0,204500.0,88774.09,2.28,30.54,401.1,비나텍,,2026-10-08T01:00:02
126560,3375.0,2770.0,3750.0,3208.98,5.17,61.73,35.38,현대퓨처넷,,2026-10-08T01:00:02
126600,3675.0,2460.0,6520.0,3385.37,8.56,29.93,165.04,BGF에코머티리얼즈,,2026-10-08T01:00:02
126640,3740.0,1230.0,7880.0,2312.03,61.76,37.74,540.65,화신정공,,2026-10-08T01:00:02
126720,21500.0,19430.0,36400.0,23904.57,-10.06,12.2,87.34,수산인더스트리,,2026-10-08T01:00:02
126880,2720.0,2255.0,5520.0,3560.93,-23.62,14.24,144.79,제이엔케이글로벌,,2026-10-08T01:00:02
126730,24550.0,9310.0,36500.0,17291.19,41.98,56.05,292.05,코칩,,2026-10-08T01:00:02
126700,12560.0,8000.0,21500.0,14659.52,-14.32,33.78,168.75,하이비젼시스템,,2026-10-08T01:00:02
127120,27150.0,13860.0,49900.0,29858.92,-9.07,36.88,260.03,제이에스링크,,2026-10-08T01:00:02
127710,1417.0,750.0,1849.0,1132.11,25.16,60.69,146.53,아시아경제,,2026-10-08T01:00:02
127980,2960.0,2405.0,7810.0,4952.29,-40.23,10.27,224.74,화인써키트,,2026-10-08T01:00:02
128660,2855.0,2450.0,4140.0,2976.6,-4.09,23.96,68.98,피제이메탈,,2026-10-08T01:00:02
128540,1104.0,1018.0,3325.0,1689.42,-34.65,3.73,226.62,에코캡,,2026-10-08T01:00:02
128820,4550.0,3585.0,13140.0,5690.97,-20.05,10.1,266.53,대성산업,,2026-10-08T01:00:02
128940,490000.0,288000.0,647000.0,447671.0,9.46,56.27,124.65,한미약품,,2026-10-08T01:00:02
129260,1900.0,1795.0,2820.0,2327.03,-18.35,10.24,57.1,인터지스,,2026-10-08T01:00:02
129890,956.0,835.0,1375.0,1005.25,-4.9,22.41,64.67,앱코,,2026-10-08T01:00:02
130500,1952.0,1675.0,3195.0,2325.58,-16.06,18.22,90.75,GH신소재,,2026-10-08T01:00:02
129920,7040.0,3330.0,15350.0,6123.55,14.97,30.87,360.96,대성하이텍,,2026-10-08T01:00:02
130580,6830.0,5200.0,6990.0,5731.49,19.17,91.06,34.42,나이스디앤비,,2026-10-08T01:00:02
130660,11910.0,8810.0,27800.0,13996.69,-14.91,16.32,215.55,한전산업,,2026-10-08T01:00:02
130740,1819.0,1610.0,3495.0,1994.81,-8.81,11.09,117.08,티피씨글로벌,,2026-10-08T01:00:02
131090,4315.0,3450.0,5220.0,3957.71,9.03,48.87,51.3,시큐브,,2026-10-08T01:00:02
131030,6410.0,4610.0,20750.0,7566.6,-15.29,11.15,350.11,옵투스제약,,2026-10-08T01:00:02
131100,3155.0,2095.0,8340.0,5587.19,-43.53,16.97,298.09,티엔엔터테인먼트,,2026-10-08T01:00:02
131220,3740.0,3120.0,5060.0,4368.83,-14.39,31.96,62.18,대한과학,,2026-10-08T01:00:02
131180,4145.0,3405.0,5840.0,4465.54,-7.18,30.39,71.51,딜리,,2026-10-08T01:00:02
131290,319500.0,36150.0,336000.0,139665.43,128.76,94.5,829.46,티에스이,,2026-10-08T01:00:02
131370,1510.0,1278.0,3090.0,2207.94,-31.61,12.8,141.78,알서포트,,2026-10-08T01:00:02
131760,1351.0,1100.0,10200.0,3422.7,-60.53,2.76,827.27,파인텍,,2026-10-08T01:00:02
131970,118900.0,33700.0,196900.0,79645.35,49.29,52.21,484.27,두산테스나,,2026-10-08T01:00:02
133750,1390.0,1230.0,2150.0,1706.03,-18.52,17.39,74.8,메가엠디,,2026-10-08T01:00:02
133820,965.0,875.0,2950.0,1487.1,-35.11,4.34,237.14,화인베스틸,,2026-10-08T01:00:02
134060,5350.0,3530.0,5790.0,4473.29,19.6,80.53,64.02,이퓨쳐,,2026-10-08T01:00:02
134380,10280.0,8120.0,15400.0,10148.14,1.3,29.67,89.66,미원화학,,2026-10-08T01:00:02
136410,3670.0,3570.0,11940.0,7673.12,-52.17,1.19,234.45,아셈스,,2026-10-08T01:00:02
134790,18760.0,15300.0,27250.0,20607.7,-8.97,28.95,78.1,시디즈,,2026-10-08T01:00:02
136150,12390.0,5400.0,29150.0,15883.68,-22.0,29.43,439.81,원일티엔아이,,2026-10-08T01:00:02
136480,2675.0,2550.0,3565.0,2943.35,-9.12,12.32,39.8,하림,,2026-10-08T01:00:02
136490,10130.0,8370.0,13950.0,10383.49,-2.44,31.54,66.67,선진,,2026-10-08T01:00:02
137310,6570.0,5800.0,10930.0,8109.03,-18.98,15.01,88.45,에스디바이오센서,,2026-10-08T01:00:02
136540,11020.0,9870.0,14580.0,11411.9,-3.43,24.42,47.72,윈스테크넷,,2026-10-08T01:00:02
137080,6850.0,2860.0,7300.0,4666.6,46.79,89.86,155.24,나래나노텍,,2026-10-08T01:00:02
137940,1913.0,1396.0,3670.0,2617.48,-26.91,22.74,162.89,넥스트아이,,2026-10-08T01:00:02
137950,3505.0,2400.0,6480.0,3523.53,-0.53,27.08,170.0,제이씨케미칼,,2026-10-08T01:00:02
137400,33150.0,23000.0,62000.0,40856.51,-18.86,26.03,169.57,피엔티,,2026-10-08T01:00:02
138070,1386.0,911.0,2310.0,1794.29,-22.75,33.95,153.57,신진에스엠,,2026-10-08T01:00:02
138040,129300.0,98000.0,149800.0,115717.47,11.74,60.42,52.86,메리츠금융지주,,2026-10-08T01:00:02
138080,29900.0,9080.0,57900.0,22937.84,30.35,42.65,537.67,오이솔루션,,2026-10-08T01:00:02
138930,15380.0,13650.0,23050.0,16513.2,-6.86,18.4,68.86,BNK금융지주,,2026-10-08T01:00:02
138610,15910.0,11230.0,54300.0,27186.39,-41.48,10.87,383.53,나이벡,,2026-10-08T01:00:02
139990,2295.0,1955.0,4545.0,2959.13,-22.44,13.13,132.48,아주스틸,,2026-10-08T01:00:02
139130,17860.0,13050.0,22000.0,16470.71,8.43,53.74,68.58,iM금융지주,,2026-10-08T01:00:02
139670,1921.0,1326.0,3040.0,1978.59,-2.91,34.71,129.26,키네마스터,,2026-10-08T01:00:02
140410,68100.0,39400.0,179900.0,79971.19,-14.84,20.43,356.6,메지온,,2026-10-08T01:00:02
139480,70100.0,69600.0,136400.0,85214.5,-17.74,0.75,95.98,이마트,,2026-10-08T01:00:02
140430,2360.0,1500.0,10325.0,3611.93,-34.66,9.75,588.33,카티스,,2026-10-08T01:00:02
140070,2255.0,1213.0,2730.0,2101.41,7.31,68.69,125.06,서플러스글로벌,,2026-10-08T01:00:02
140520,1995.0,1810.0,2545.0,2091.6,-4.62,25.17,40.61,대창스틸,,2026-10-08T01:00:02
140670,10410.0,7355.0,28800.0,14384.68,-27.63,14.25,291.57,알에스오토메이션,,2026-10-08T01:00:02
141000,13480.0,6500.0,15230.0,8869.81,51.98,79.95,134.31,비아트론,,2026-10-08T01:00:02
142210,7160.0,4470.0,9060.0,6073.53,17.89,58.61,102.68,유니트론텍,,2026-10-08T01:00:02
140860,316000.0,205000.0,350500.0,256806.69,23.05,76.29,70.98,파크시스템스,,2026-10-08T01:00:02
143160,15850.0,13670.0,20750.0,17124.35,-7.44,30.79,51.79,아이디스,,2026-10-08T01:00:02
142280,3950.0,2200.0,6660.0,3696.82,6.85,39.24,202.73,녹십자엠에스,,2026-10-08T01:00:02
142760,539.0,463.0,3788.0,2071.07,-73.97,2.29,718.14,모아라이프플러스,,2026-10-08T01:00:02
141080,76000.0,74700.0,225000.0,152008.18,-50.0,0.86,201.2,리가켐바이오,,2026-10-08T01:00:02
143240,17630.0,12570.0,18400.0,15117.81,16.62,86.79,46.38,사람인,,2026-10-08T01:00:02
143540,1038.0,650.0,1698.0,1017.78,1.99,37.02,161.23,영우디에스피,,2026-10-08T01:00:02
144510,14820.0,11610.0,28450.0,20570.33,-27.95,19.06,145.05,지씨셀,,2026-10-08T01:00:02
144960,13720.0,4710.0,14040.0,7246.93,89.32,96.57,198.09,뉴파워프라즈마,,2026-10-08T01:00:02
145020,181100.0,175500.0,342000.0,252402.97,-28.25,3.36,94.87,휴젤,,2026-10-08T01:00:02
145170,3335.0,2375.0,6140.0,3900.33,-14.49,25.5,158.53,노브랜드,,2026-10-08T01:00:02
145270,795.0,726.0,974.0,877.57,-9.41,27.82,34.16,케이탑리츠,,2026-10-08T01:00:02
145720,40600.0,35000.0,60600.0,47936.25,-15.3,21.88,73.14,덴티움,,2026-10-08T01:00:02
145990,45850.0,40750.0,54000.0,47482.16,-3.44,38.49,32.52,삼양사,,2026-10-08T01:00:02
146060,1070.0,855.0,2325.0,1277.9,-16.27,14.63,171.93,율촌,,2026-10-08T01:00:02
146320,12340.0,7120.0,19050.0,13141.23,-6.1,43.76,167.56,비씨엔씨,,2026-10-08T01:00:02
147760,4240.0,1888.0,9920.0,3419.73,23.99,29.28,425.42,피엠티,,2026-10-08T01:00:02
147830,7240.0,5040.0,15410.0,7182.83,0.8,21.22,205.75,제룡산업,,2026-10-08T01:00:02
148150,3910.0,2580.0,6530.0,4572.19,-14.48,33.67,153.1,세경하이테크,,2026-10-08T01:00:02
148250,2040.0,1311.0,9770.0,3811.17,-46.47,8.62,645.23,알엔투테크놀로지,,2026-10-08T01:00:02
148780,3930.0,1862.0,10443.0,5868.13,-33.03,24.1,460.85,비큐AI,,2026-10-08T01:00:02
149950,12810.0,6750.0,19490.0,10463.49,22.43,47.57,188.74,아바텍,,2026-10-08T01:00:02
148930,3180.0,2250.0,3920.0,3189.29,-0.29,55.69,74.22,에이치와이티씨,,2026-10-08T01:00:02
149980,4495.0,3770.0,9510.0,7221.23,-37.75,12.63,152.25,하이로닉,,2026-10-08T01:00:02
150900,4310.0,2725.0,6890.0,4127.88,4.41,38.06,152.84,파수AI,,2026-10-08T01:00:02
151860,5380.0,4745.0,7600.0,5874.83,-8.42,22.24,60.17,KG에코솔루션,,2026-10-08T01:00:02
153460,5460.0,5030.0,16820.0,7241.93,-24.61,3.65,234.39,네이블,,2026-10-08T01:00:02
153890,8650.0,5180.0,42500.0,10514.35,-17.73,9.3,720.46,져스텍,,2026-10-08T01:00:02
153490,3160.0,1541.0,4840.0,3317.29,-4.74,49.08,214.08,우리이앤엘하루틴,,2026-10-08T01:00:02
153710,4480.0,4075.0,6250.0,4986.39,-10.16,18.62,53.37,옵티팜,,2026-10-08T01:00:02
154030,1622.0,1462.0,3000.0,1929.68,-15.94,10.4,105.2,아시아종묘,,2026-10-08T01:00:02
155650,3825.0,2480.0,5130.0,3513.38,8.87,50.75,106.85,와이엠씨,,2026-10-08T01:00:02
155660,4215.0,3630.0,4800.0,4114.41,2.44,50.0,32.23,DSR,,2026-10-08T01:00:02
156100,7100.0,2730.0,16400.0,8377.99,-15.25,31.97,500.73,엘앤케이바이오,,2026-10-08T01:00:02
158430,6460.0,3300.0,11370.0,6282.71,2.82,39.16,244.55,아톤,,2026-10-08T01:00:02
159010,34000.0,3425.0,35000.0,10803.57,214.71,96.83,921.9,아스플로,,2026-10-08T01:00:02
159910,2990.0,2335.0,5750.0,3323.9,-10.05,19.18,146.25,에코글로우,,2026-10-08T01:00:02
159580,2210.0,1750.0,4695.0,3394.32,-34.89,15.62,168.29,제로투세븐,,2026-10-08T01:00:02
160190,34150.0,11000.0,91200.0,41874.42,-18.45,28.87,729.09,하이젠알앤엠,,2026-10-08T01:00:02
160550,1000.0,950.0,2680.0,1752.2,-42.93,2.89,182.11,NEW,,2026-10-08T01:00:02
160980,28250.0,11850.0,47850.0,24051.0,17.46,45.56,303.8,싸이맥스,,2026-10-08T01:00:02
161580,42950.0,19380.0,64900.0,40082.53,7.15,51.78,234.88,필옵틱스,,2026-10-08T01:00:02
161000,11230.0,7000.0,19960.0,10762.64,4.34,32.64,185.14,애경케미칼,,2026-10-08T01:00:02
161390,62000.0,37650.0,78400.0,59625.09,3.98,59.75,108.23,한국타이어앤테크놀로지,,2026-10-08T01:00:02
161890,137000.0,60600.0,165900.0,88467.66,54.86,72.55,173.76,한국콜마,,2026-10-08T01:00:02
162300,2010.0,1335.0,3155.0,1809.11,11.1,37.09,136.33,신스틸,,2026-10-08T01:00:02
163560,5470.0,5200.0,8700.0,6553.12,-16.53,7.71,67.31,동일고무벨트,,2026-10-08T01:00:02
163280,3875.0,2675.0,9555.0,5874.96,-34.04,17.44,257.2,에어레인,,2026-10-08T01:00:02
163730,14970.0,6200.0,25650.0,11971.41,25.05,45.09,313.71,핑거,,2026-10-08T01:00:02
166090,62700.0,25800.0,87900.0,54352.6,15.36,59.42,240.7,하나머티리얼즈,,2026-10-08T01:00:02
166480,2320.0,1014.0,6100.0,2305.39,0.63,25.68,501.58,코아스템켐온,,2026-10-08T01:00:02
168330,2335.0,1668.0,4100.0,2457.01,-4.97,27.43,145.8,내츄럴엔도텍,,2026-10-08T01:00:02
168360,16330.0,8670.0,34700.0,18307.21,-10.8,29.43,300.23,펨트론,,2026-10-08T01:00:02
169330,1821.0,1175.0,2200.0,1825.7,-0.26,63.02,87.23,엠브레인,,2026-10-08T01:00:02
170030,5000.0,4050.0,7320.0,5676.41,-11.92,29.05,80.74,현대공업,,2026-10-08T01:00:02
170790,8530.0,7070.0,14420.0,8959.67,-4.8,19.86,103.96,파이오링크,,2026-10-08T01:00:02
170900,35250.0,31600.0,56460.0,43445.57,-18.86,14.68,78.67,동아에스티,,2026-10-08T01:00:02
170920,40900.0,11730.0,60700.0,30552.83,33.87,59.57,417.48,엘티씨,,2026-10-08T01:00:02
171010,2750.0,2350.0,4945.0,3527.84,-22.05,15.41,110.43,램테크놀러지,,2026-10-08T01:00:02
171120,2035.0,1863.0,3650.0,2133.5,-4.62,9.63,95.92,라이온켐텍,,2026-10-08T01:00:02
171090,76900.0,35750.0,144000.0,68731.78,11.88,38.01,302.8,선익시스템,,2026-10-08T01:00:02
173940,1977.0,1945.0,5100.0,3198.4,-38.19,1.01,162.21,에프엔씨엔터,,2026-10-08T01:00:02
173130,7930.0,5300.0,8570.0,6783.09,16.91,80.43,61.7,오파스넷,,2026-10-08T01:00:02
172670,15340.0,6970.0,21200.0,11814.46,29.84,58.82,204.16,에이엘티,,2026-10-08T01:00:02
174900,25800.0,9870.0,95800.0,37014.54,-30.3,18.54,870.62,앱클론,,2026-10-08T01:00:02
175140,2360.0,1752.0,5630.0,3750.48,-37.07,15.68,221.35,아고스,,2026-10-08T01:00:02
175250,1667.0,1515.0,3300.0,2774.23,-39.91,8.52,117.82,아이큐어,,2026-10-08T01:00:02
175330,28000.0,21700.0,38500.0,26725.09,4.77,37.5,77.42,JB금융지주,,2026-10-08T01:00:02
176750,7550.0,5100.0,12770.0,8396.77,-10.08,31.94,150.39,듀켐바이오,,2026-10-08T01:00:02
177350,1355.0,1000.0,3742.0,2110.06,-35.78,12.95,274.2,베셀,,2026-10-08T01:00:02
177830,2175.0,2000.0,3245.0,2685.41,-19.01,14.06,62.25,파버나인,,2026-10-08T01:00:02
177900,3875.0,2700.0,8770.0,5777.06,-32.92,19.36,224.81,쓰리에이로직스,,2026-10-08T01:00:02
178320,41500.0,18750.0,83300.0,38957.25,6.53,35.24,344.27,서진시스템,,2026-10-08T01:00:02
178780,2390.0,1997.0,3300.0,2623.33,-8.89,30.16,65.25,일월지엠엘,,2026-10-08T01:00:02
178920,20650.0,14880.0,32150.0,19621.71,5.24,33.41,116.06,PI첨단소재,,2026-10-08T01:00:02
179530,2250.0,1300.0,4385.0,2505.35,-10.19,30.79,237.31,애드바이오텍,,2026-10-08T01:00:02
179290,4655.0,4000.0,7860.0,6072.81,-23.35,16.97,96.5,엠아이텍,,2026-10-08T01:00:02
179900,2510.0,1680.0,29300.0,17035.89,-85.27,3.01,1644.05,유티아이,,2026-10-08T01:00:02
180400,2315.0,1319.0,5360.0,2982.46,-22.38,24.65,306.37,DXVX,,2026-10-08T01:00:02
181710,56900.0,24650.0,78200.0,38564.68,47.54,60.22,217.24,NHN,,2026-10-08T01:00:02
180640,134600.0,93100.0,175900.0,117575.84,14.48,50.12,88.94,한진칼,,2026-10-08T01:00:02
182360,6160.0,4520.0,16930.0,10356.99,-40.52,13.22,274.56,큐브엔터,,2026-10-08T01:00:02
183190,9910.0,8310.0,14550.0,11347.88,-12.67,25.64,75.09,아세아시멘트,,2026-10-08T01:00:02
183300,34350.0,16123.0,55782.0,25305.02,35.74,45.96,245.98,코미코,,2026-10-08T01:00:02
185490,1868.0,1182.0,2805.0,1718.46,8.7,42.27,137.31,아이진,,2026-10-08T01:00:02
184230,2195.0,1620.0,6795.0,2878.74,-23.75,11.11,319.44,SGA솔루션즈,,2026-10-08T01:00:02
185750,66200.0,63000.0,98100.0,79640.15,-16.88,9.12,55.71,종근당,,2026-10-08T01:00:02
186230,3200.0,2795.0,6900.0,4707.36,-32.02,9.87,146.87,그린플러스,,2026-10-08T01:00:02
187220,1970.0,1862.0,3450.0,2570.3,-23.36,6.8,85.28,디티앤씨,,2026-10-08T01:00:02
187270,2790.0,2400.0,4450.0,3336.56,-16.38,19.02,85.42,신화콘텍,,2026-10-08T01:00:02
187420,2250.0,1323.0,3680.0,2530.69,-11.09,39.33,178.16,HLB제넥스,,2026-10-08T01:00:02
187660,6430.0,2234.0,20884.0,5974.2,7.63,22.5,834.83,페니트리움바이오,,2026-10-08T01:00:02
187790,3125.0,1685.0,7560.0,3531.5,-11.51,24.51,348.66,나노,,2026-10-08T01:00:02
187870,14910.0,5485.0,29700.0,11382.41,30.99,38.92,441.48,디바이스,,2026-10-08T01:00:02
188260,2055.0,1341.0,2890.0,2010.32,2.22,46.09,115.51,세니젠,,2026-10-08T01:00:02
189300,66700.0,39000.0,180200.0,82283.46,-18.94,19.62,362.05,인텔리안테크,,2026-10-08T01:00:02
188040,4910.0,4000.0,14900.0,7089.76,-30.75,8.35,272.5,바이오포트,,2026-10-08T01:00:02
189330,10250.0,3400.0,19100.0,7085.3,44.67,43.63,461.76,씨이랩,,2026-10-08T01:00:02
189690,1536.0,1382.0,2280.0,1907.36,-19.47,17.15,64.98,포시에스,,2026-10-08T01:00:02
189860,4945.0,2820.0,11500.0,4425.82,11.73,24.48,307.8,서전기전,,2026-10-08T01:00:02
189980,1149.0,992.0,2615.0,1490.5,-22.91,9.67,163.61,흥국에프엔비,,2026-10-08T01:00:02
191410,1716.0,1001.0,5100.0,2025.97,-15.3,17.44,409.49,육일씨엔에쓰,,2026-10-08T01:00:02
190510,15560.0,11050.0,28600.0,17415.65,-10.66,25.7,158.82,나무가,,2026-10-08T01:00:02
190650,6450.0,6190.0,13410.0,7397.7,-12.81,3.6,116.64,코리아에셋투자증권,,2026-10-08T01:00:02
191420,7210.0,5230.0,19370.0,12424.68,-41.97,14.0,270.36,테고사이언스,,2026-10-08T01:00:02
192080,57000.0,47000.0,76500.0,56008.55,1.77,33.9,62.77,더블유게임즈,,2026-10-08T01:00:02
192250,9130.0,6330.0,16000.0,9951.15,-8.25,28.96,152.76,케이사인,,2026-10-08T01:00:02
192390,1864.0,1344.0,2780.0,2061.0,-9.56,36.21,106.85,윈하이텍,,2026-10-08T01:00:02
192400,27350.0,23300.0,35900.0,28189.78,-2.98,32.14,54.08,쿠쿠홀딩스,,2026-10-08T01:00:02
192440,28500.0,21000.0,34950.0,25976.21,9.72,53.76,66.43,슈피겐코리아,,2026-10-08T01:00:02
192650,9190.0,3565.0,9970.0,6414.18,43.28,87.82,179.66,드림텍,,2026-10-08T01:00:02
194370,12200.0,9500.0,16090.0,12044.57,1.29,40.97,69.37,제이에스코퍼레이션,,2026-10-08T01:00:02
192820,306000.0,141000.0,320000.0,199946.84,53.04,92.18,126.95,코스맥스,,2026-10-08T01:00:02
193250,1804.0,1125.0,2935.0,1977.85,-8.79,37.51,160.89,링크드,,2026-10-08T01:00:02
194700,10600.0,9970.0,21500.0,14588.66,-27.34,5.46,115.65,노바렉스,,2026-10-08T01:00:02
195870,65000.0,21650.0,108500.0,56199.81,15.66,49.91,401.15,해성디에스,,2026-10-08T01:00:02
194480,13700.0,13100.0,58200.0,28947.1,-52.67,1.33,344.27,데브시스터즈,,2026-10-08T01:00:02
195500,1707.0,1446.0,3080.0,2406.09,-29.05,15.97,113.0,마니커에프앤지,,2026-10-08T01:00:02
195940,40450.0,34800.0,58600.0,46892.94,-13.74,23.74,68.39,HK이노엔,,2026-10-08T01:00:02
195990,1119.0,1052.0,7656.0,2805.97,-60.12,1.01,627.76,루트K,,2026-10-08T01:00:02
196170,244000.0,194671.0,437818.0,309965.61,-21.28,20.29,124.9,알테오젠,,2026-10-08T01:00:02
196300,5210.0,3510.0,9530.0,6312.03,-17.46,28.24,171.51,HLB펩,,2026-10-08T01:00:02
196450,3590.0,3300.0,10000.0,5002.01,-28.23,4.33,203.03,코아시아씨엠,,2026-10-08T01:00:02
198440,1393.0,910.0,2930.0,1242.24,12.14,23.91,221.98,강동씨앤엘,,2026-10-08T01:00:02
198080,2090.0,1927.0,3595.0,2393.04,-12.66,9.77,86.56,캐프,,2026-10-08T01:00:02
199430,16660.0,8510.0,45300.0,21258.62,-21.63,22.15,432.31,케이엔알시스템,,2026-10-08T01:00:02
197140,2345.0,1553.0,2570.0,2103.33,11.49,77.88,65.49,디지캡,,2026-10-08T01:00:02
196700,1266.0,945.0,3490.0,1664.93,-23.96,12.61,269.31,웹스,,2026-10-08T01:00:02
198940,1356.0,1096.0,3300.0,1477.81,-8.24,11.8,201.09,한주라이트메탈,,2026-10-08T01:00:02
199480,4100.0,1992.0,9800.0,4917.43,-16.62,27.0,391.97,뱅크웨어글로벌,,2026-10-08T01:00:02
199550,3185.0,1900.0,8091.0,4887.28,-34.83,20.76,325.84,레이저옵텍,,2026-10-08T01:00:02
199800,32050.0,30150.0,139815.0,52547.39,-39.01,1.73,363.73,툴젠,,2026-10-08T01:00:02
199730,903.0,593.0,5500.0,3645.2,-75.23,6.32,827.49,바이오인프라,,2026-10-08T01:00:02
199820,7640.0,5410.0,22300.0,9810.22,-22.12,13.2,312.2,제일일렉트릭,,2026-10-08T01:00:02
200130,8110.0,7600.0,16720.0,11681.97,-30.58,5.59,120.0,콜마비앤에이치,,2026-10-08T01:00:02
200350,4560.0,1414.0,9010.0,4886.3,-6.68,41.42,537.2,아티스트스튜디오,,2026-10-08T01:00:02
200230,2340.0,1612.0,19908.0,6090.63,-61.58,3.98,1134.99,텔콘RF제약,,2026-10-08T01:00:02
200470,10520.0,2580.0,13100.0,6749.42,55.87,75.48,407.75,에이팩트,,2026-10-08T01:00:02
200670,25450.0,21050.0,72400.0,37509.11,-32.15,8.57,243.94,휴메딕스,,2026-10-08T01:00:02
200710,28800.0,20500.0,62000.0,33879.18,-14.99,20.0,202.44,에이디테크놀로지,,2026-10-08T01:00:02
200780,3050.0,2795.0,6030.0,4123.49,-26.03,7.88,115.74,비씨월드제약,,2026-10-08T01:00:02
200880,10990.0,9390.0,18310.0,12717.92,-13.59,17.94,94.99,서연이화,,2026-10-08T01:00:02
201490,3245.0,1738.0,6900.0,3528.86,-8.04,29.19,297.01,미투온,,2026-10-08T01:00:02
203450,2765.0,2155.0,3970.0,2957.04,-6.49,33.61,84.22,유니온바이오메트릭스,,2026-10-08T01:00:02
203650,2820.0,1400.0,4810.0,2087.68,35.08,41.64,243.57,드림시큐리티,,2026-10-08T01:00:02
204320,44900.0,32150.0,79100.0,50142.01,-10.45,27.16,146.03,HL만도,,2026-10-08T01:00:02
204020,1813.0,1721.0,2570.0,2089.79,-13.24,10.84,49.33,그리티,,2026-10-08T01:00:02
204270,25950.0,11140.0,30100.0,20140.71,28.84,78.11,170.2,제이앤티씨,,2026-10-08T01:00:02
204610,2835.0,1660.0,3795.0,2485.06,14.08,55.04,128.61,티쓰리,,2026-10-08T01:00:02
204620,5820.0,3955.0,7230.0,5163.53,12.71,56.95,82.81,글로벌텍스프리,,2026-10-08T01:00:02
204840,4140.0,3760.0,6650.0,5155.48,-19.7,13.15,76.86,지엘팜텍,,2026-10-08T01:00:02
205470,2865.0,1898.0,7240.0,4311.43,-33.55,18.1,281.45,휴마시스,,2026-10-08T01:00:02
205500,1782.0,1360.0,3380.0,2041.77,-12.72,20.89,148.53,넥써쓰,,2026-10-08T01:00:02
206400,675.0,511.0,2775.0,1395.46,-51.63,7.24,443.05,베노티앤알,,2026-10-08T01:00:02
206650,8710.0,6950.0,17700.0,11516.73,-24.37,16.37,154.68,유바이오로직스,,2026-10-08T01:00:02
206640,9910.0,9250.0,15000.0,12081.93,-17.98,11.48,62.16,바디텍메드,,2026-10-08T01:00:02
207760,2150.0,1700.0,11175.0,5120.8,-58.01,4.75,557.35,미스터블루,,2026-10-08T01:00:02
207940,1233000.0,1218547.0,1971704.0,1556067.93,-20.76,1.92,61.81,삼성바이오로직스,,2026-10-08T01:00:02
208350,2835.0,2565.0,3825.0,2980.32,-4.88,21.43,49.12,지란지교시큐리티,,2026-10-08T01:00:02
208140,2290.0,2050.0,2785.0,2482.1,-7.74,32.65,35.85,정다운,,2026-10-08T01:00:02
208370,2665.0,2130.0,7490.0,3938.46,-32.33,9.98,251.64,셀바스헬스케어,,2026-10-08T01:00:02
208640,676.0,630.0,6307.0,1989.9,-66.03,0.81,901.11,썸에이지,,2026-10-08T01:00:02
208710,2775.0,1678.0,5660.0,2430.1,14.19,27.55,237.31,포톤,,2026-10-08T01:00:02
210120,2345.0,1005.0,5052.0,2809.79,-16.54,33.11,402.69,캔버스엔,,2026-10-08T01:00:02
209640,3965.0,2390.0,10350.0,4236.51,-6.41,19.79,333.05,와이제이링크,,2026-10-08T01:00:02
210540,10850.0,9910.0,16390.0,12850.52,-15.57,14.51,65.39,디와이파워,,2026-10-08T01:00:02
210980,3035.0,2507.0,9396.0,7325.75,-58.57,7.66,274.79,SK디앤디,,2026-10-08T01:00:02
211270,8300.0,5720.0,22400.0,12842.9,-35.37,15.47,291.61,AP위성,,2026-10-08T01:00:02
212560,10440.0,4995.0,16100.0,8760.33,19.17,49.03,222.32,네오오토,,2026-10-08T01:00:02
211050,9800.0,8100.0,17330.0,11871.82,-17.45,18.42,113.95,인카금융서비스,,2026-10-08T01:00:02
212710,7500.0,5590.0,15580.0,9033.94,-16.98,19.12,178.71,아이에스티이,,2026-10-08T01:00:02
213420,29850.0,24500.0,57300.0,39764.5,-24.93,16.31,133.88,덕산네오룩스,,2026-10-08T01:00:02
213500,7140.0,5930.0,9810.0,7924.24,-9.9,31.19,65.43,한솔제지,,2026-10-08T01:00:02
214150,30150.0,29700.0,77600.0,50207.25,-39.95,0.94,161.28,클래시스,,2026-10-08T01:00:02
214180,14170.0,12210.0,25700.0,16803.38,-15.67,14.53,110.48,헥토이노베이션,,2026-10-08T01:00:02
214270,1360.0,1198.0,2840.0,1826.3,-25.53,9.87,137.06,FSN,,2026-10-08T01:00:02
214260,7510.0,6240.0,16670.0,10690.07,-29.75,12.18,167.15,라파스,,2026-10-08T01:00:02
214320,17780.0,16730.0,22650.0,18785.95,-5.35,17.74,35.39,이노션,,2026-10-08T01:00:02
214330,6890.0,4475.0,17925.0,11373.84,-39.42,17.96,300.56,금호에이치티,,2026-10-08T01:00:02
214390,5540.0,4700.0,9300.0,5848.01,-5.27,18.26,97.87,경보제약,,2026-10-08T01:00:02
214370,42000.0,38800.0,153800.0,76618.4,-45.18,2.78,296.39,케어젠,,2026-10-08T01:00:02
214420,5010.0,4190.0,11300.0,7406.93,-32.36,11.53,169.69,토니모리,,2026-10-08T01:00:02
214430,78500.0,49250.0,137900.0,81185.5,-3.31,32.99,180.0,아이쓰리시스템,,2026-10-08T01:00:02
214450,300000.0,255000.0,697000.0,397620.82,-24.55,10.18,173.33,파마리서치,,2026-10-08T01:00:02
214680,3810.0,3405.0,11825.0,8109.85,-53.02,4.81,247.28,디알텍,,2026-10-08T01:00:02
215000,35850.0,34100.0,64200.0,50067.84,-28.4,5.81,88.27,골프존,,2026-10-08T01:00:02
215100,4140.0,3135.0,15300.0,6628.57,-37.54,8.26,388.04,로보로보,,2026-10-08T01:00:02
215090,1393.0,1127.0,4000.0,2420.32,-42.45,9.26,254.92,솔디펜스,,2026-10-08T01:00:02
215200,38450.0,33650.0,50800.0,42285.5,-9.07,27.99,50.97,메가스터디교육,,2026-10-08T01:00:02
215380,2275.0,1554.0,4535.0,2313.67,-1.67,24.19,191.83,우정바이오,,2026-10-08T01:00:02
215600,2350.0,1780.0,5400.0,3021.7,-22.23,15.75,203.37,신라젠,,2026-10-08T01:00:02
215360,6600.0,5610.0,10400.0,7860.48,-16.04,20.67,85.38,우리산업,,2026-10-08T01:00:02
215480,2000.0,1500.0,2455.0,2115.0,-5.44,52.36,63.67,토박스코리아,,2026-10-08T01:00:02
216050,5020.0,4325.0,8050.0,6315.97,-20.52,18.66,86.13,인크로스,,2026-10-08T01:00:02
216080,5870.0,3800.0,11280.0,6413.55,-8.48,27.67,196.84,제테마,,2026-10-08T01:00:02
217190,9940.0,3965.0,10000.0,5935.68,67.46,99.01,152.21,제너셈,,2026-10-08T01:00:02
217270,2435.0,2025.0,6540.0,4139.35,-41.17,9.08,222.96,넵튠,,2026-10-08T01:00:02
217330,3005.0,2260.0,11200.0,4303.07,-30.17,8.33,395.58,싸이토젠,,2026-10-08T01:00:02
217590,18360.0,8820.0,38700.0,17501.57,4.9,31.93,338.78,티엠씨,,2026-10-08T01:00:02
217730,2135.0,1080.0,4690.0,2282.97,-6.48,29.22,334.26,강스템바이오텍,,2026-10-08T01:00:02
217500,1536.0,1205.0,5930.0,2259.81,-32.03,7.01,392.12,러셀,,2026-10-08T01:00:02
217820,2450.0,1515.0,4625.0,2998.03,-18.28,30.06,205.28,원익피앤이,,2026-10-08T01:00:02
218150,1844.0,1545.0,4300.0,2757.55,-33.13,10.85,178.32,미래생명자원,,2026-10-08T01:00:02
218410,57900.0,24300.0,126900.0,54228.25,6.77,32.75,422.22,RFHIC,,2026-10-08T01:00:02
219130,98200.0,15300.0,100300.0,43145.32,127.6,97.53,555.56,타이거일렉,,2026-10-08T01:00:02
219550,1196.0,798.0,2295.0,1356.66,-11.84,26.59,187.59,디와이디,,2026-10-08T01:00:02
219420,3155.0,2860.0,6430.0,4623.72,-31.76,8.26,124.83,링크제니시스,,2026-10-08T01:00:02
219750,1805.0,1502.0,5875.0,3705.77,-51.29,6.93,291.15,한국비티비,,2026-10-08T01:00:02
220100,7100.0,5341.0,28273.0,14631.04,-51.47,7.67,429.36,퓨쳐켐,,2026-10-08T01:00:02
220180,1352.0,1248.0,3370.0,1879.43,-28.06,4.9,170.03,핸디소프트,,2026-10-08T01:00:02
221840,2080.0,1632.0,3500.0,2308.11,-9.88,23.98,114.46,하이즈항공,,2026-10-08T01:00:02
220260,4815.0,2630.0,9570.0,4880.39,-1.34,31.48,263.88,켐트로스,,2026-10-08T01:00:02
221980,9420.0,9100.0,11410.0,10202.68,-7.67,13.85,25.38,케이디켐,,2026-10-08T01:00:02
222040,6170.0,2860.0,11200.0,5115.78,20.61,39.69,291.61,코스맥스엔비티,,2026-10-08T01:00:02
222080,8710.0,5690.0,19880.0,9445.95,-7.79,21.28,249.38,SFA넥셀,,2026-10-08T01:00:02
222110,4700.0,4220.0,8510.0,5397.53,-12.92,11.19,101.66,팬젠,,2026-10-08T01:00:02
222420,948.0,680.0,2145.0,1066.25,-11.09,18.29,215.44,쎄노텍,,2026-10-08T01:00:02
222800,173100.0,24000.0,182600.0,78700.56,119.95,94.01,660.83,심텍,,2026-10-08T01:00:02
223250,3845.0,2360.0,8640.0,4603.96,-16.48,23.65,266.1,드림씨아이에스,,2026-10-08T01:00:02
222980,2025.0,1613.0,4320.0,2730.87,-25.85,15.22,167.82,한국맥널티,,2026-10-08T01:00:02
223310,2885.0,2350.0,19220.0,8695.72,-66.82,3.17,717.87,사토시홀딩스,,2026-10-08T01:00:02
224060,4085.0,2400.0,12750.0,4062.4,0.56,16.28,431.25,더코디,,2026-10-08T01:00:02
224110,7650.0,7380.0,12080.0,9239.41,-17.2,5.74,63.69,에이텍모빌리티,,2026-10-08T01:00:02
225220,1422.0,957.0,2650.0,1798.15,-20.92,27.47,176.91,제놀루션,,2026-10-08T01:00:02
225530,2140.0,1600.0,4555.0,2772.58,-22.82,18.27,184.69,HC보광산업,,2026-10-08T01:00:02
225570,10170.0,7860.0,15420.0,11588.74,-12.24,30.56,96.18,넥슨게임즈,,2026-10-08T01:00:02
225590,3095.0,2600.0,4835.0,4057.99,-23.73,22.15,85.96,패션플랫폼,,2026-10-08T01:00:02
226330,1240.0,976.0,6750.0,2960.72,-58.12,4.57,591.6,신테카바이오,,2026-10-08T01:00:02
226320,11680.0,8200.0,14200.0,11007.73,6.11,58.0,73.17,잇츠한불,,2026-10-08T01:00:02
226590,14900.0,8010.0,38000.0,17478.66,-14.75,22.97,374.41,엠디바이스,,2026-10-08T01:00:02
226400,4220.0,3710.0,8190.0,5899.54,-28.47,11.38,120.75,오스테오닉,,2026-10-08T01:00:02
227610,983.0,725.0,2104.0,1420.46,-30.8,18.71,190.21,아우딘퓨쳐스,,2026-10-08T01:00:02
226950,121300.0,57500.0,217000.0,132328.62,-8.33,40.0,277.39,올릭스,,2026-10-08T01:00:02
227840,12660.0,11140.0,14440.0,12451.93,1.67,46.06,29.62,현대코퍼레이션홀딩스,,2026-10-08T01:00:02
227950,1254.0,933.0,3775.0,1833.01,-31.59,11.29,304.61,엔투텍,,2026-10-08T01:00:02
228340,3145.0,1550.0,7300.0,2266.86,38.74,27.74,370.97,동양파일,,2026-10-08T01:00:02
228670,4365.0,3680.0,11690.0,5585.71,-21.85,8.55,217.66,레이,,2026-10-08T01:00:02
228760,11500.0,9930.0,33300.0,18331.6,-37.27,6.72,235.35,지노믹트리,,2026-10-08T01:00:02
228850,8170.0,4835.0,8750.0,6032.21,35.44,85.19,80.97,레이언스,,2026-10-08T01:00:02
229640,70200.0,32000.0,109800.0,48167.84,45.74,49.1,243.12,LS에코에너지,,2026-10-08T01:00:02
232680,11160.0,7020.0,23950.0,11939.22,-6.53,24.45,241.17,라온로보틱스,,2026-10-08T01:00:02
230240,13610.0,11150.0,39700.0,18723.01,-27.31,8.62,256.05,에치에프알,,2026-10-08T01:00:02
232140,17100.0,6820.0,24150.0,15125.13,13.06,59.32,254.11,와이씨,,2026-10-08T01:00:02
232830,2950.0,1211.0,5590.0,2519.1,17.11,39.71,361.6,아이티센피엔에스,,2026-10-08T01:00:02
234100,2550.0,2070.0,7895.0,4664.29,-45.33,8.24,281.4,폴라리스세원,,2026-10-08T01:00:02
234080,10940.0,10550.0,15580.0,12421.49,-11.93,7.75,47.68,JW생명과학,,2026-10-08T01:00:02
234030,3765.0,1959.0,12700.0,6843.07,-44.98,16.81,548.29,싸이닉솔루션,,2026-10-08T01:00:02
234300,3135.0,2420.0,4170.0,3379.87,-7.24,40.86,72.31,에스트래픽,,2026-10-08T01:00:02
234690,11050.0,6680.0,15890.0,9786.58,12.91,47.45,137.87,녹십자웰빙,,2026-10-08T01:00:02
234340,22750.0,14180.0,45000.0,21830.97,4.21,27.81,217.35,헥토파이낸셜,,2026-10-08T01:00:02
235980,3070.0,2235.0,8650.0,4681.04,-34.42,13.02,287.02,메드팩토,,2026-10-08T01:00:02
236200,55400.0,30200.0,65000.0,43857.25,26.32,72.41,115.23,슈프리마,,2026-10-08T01:00:02
236810,1552.0,901.0,4160.0,1992.29,-22.1,19.98,361.71,엔비티,,2026-10-08T01:00:02
237690,93600.0,84100.0,172100.0,120227.51,-22.15,10.8,104.64,에스티팜,,2026-10-08T01:00:02
237750,3540.0,3160.0,7450.0,4372.68,-19.04,8.86,135.76,피앤씨테크,,2026-10-08T01:00:02
237820,2270.0,2115.0,5440.0,3978.55,-42.94,4.66,157.21,플레이디,,2026-10-08T01:00:02
238120,2760.0,2380.0,6050.0,3586.41,-23.04,10.35,154.2,얼라인드,,2026-10-08T01:00:02
237880,12350.0,8800.0,15330.0,12554.57,-1.63,54.36,74.2,클리오,,2026-10-08T01:00:02
238090,1719.0,1537.0,4150.0,2238.22,-23.2,6.97,170.01,앤디포스,,2026-10-08T01:00:02
239610,5200.0,4960.0,11730.0,7577.84,-31.38,3.55,136.49,에이치엘사이언스,,2026-10-08T01:00:02
238200,2655.0,2045.0,4390.0,3031.43,-12.42,26.01,114.67,비피도,,2026-10-08T01:00:02
238490,2265.0,2005.0,4095.0,3051.17,-25.77,12.44,104.24,힘스,,2026-10-08T01:00:02
239890,3735.0,2770.0,7070.0,4729.11,-21.02,22.44,155.23,피엔에이치테크,,2026-10-08T01:00:02
240550,6290.0,4500.0,11440.0,7464.13,-15.73,25.79,154.22,동방메디컬,,2026-10-08T01:00:02
241520,8210.0,6120.0,19700.0,9760.63,-15.89,15.39,221.9,DSC인베스트먼트,,2026-10-08T01:00:02
240810,137000.0,37150.0,187800.0,98480.48,39.11,66.28,405.52,원익IPS,,2026-10-08T01:00:02
241560,53900.0,51900.0,79700.0,61504.09,-12.36,7.19,53.56,두산밥캣,,2026-10-08T01:00:02
240600,1114.0,829.0,4173.0,2708.95,-58.88,8.52,403.38,유진테크놀로지,,2026-10-08T01:00:02
241690,2600.0,2155.0,4980.0,3268.49,-20.45,15.75,131.09,유니테크노,,2026-10-08T01:00:02
241590,2695.0,2625.0,7140.0,4480.5,-39.85,1.55,172.0,화승엔터프라이즈,,2026-10-08T01:00:02
241710,113500.0,56800.0,155500.0,83183.64,36.45,57.45,173.77,코스메카코리아,,2026-10-08T01:00:02
241770,39350.0,12100.0,48000.0,30761.0,27.92,75.91,296.69,메카로,,2026-10-08T01:00:02
241790,6650.0,4015.0,9800.0,6867.9,-3.17,45.55,144.08,티이엠씨씨엔에스,,2026-10-08T01:00:02
241840,2140.0,1900.0,9630.0,5420.78,-60.52,3.1,406.84,에이스토리,,2026-10-08T01:00:02
242040,3110.0,1308.0,11100.0,3439.15,-9.57,18.4,748.62,나무기술,,2026-10-08T01:00:02
243070,19280.0,18800.0,41500.0,27216.28,-29.16,2.11,120.74,휴온스,,2026-10-08T01:00:02
243840,6370.0,3425.0,12290.0,5932.21,7.38,33.22,258.83,신흥에스이씨,,2026-10-08T01:00:02
244920,12360.0,5600.0,14990.0,10380.67,19.07,71.99,167.68,에이플러스에셋,,2026-10-08T01:00:02
246690,2090.0,1300.0,4641.0,2696.72,-22.5,23.65,257.0,TS인베스트먼트,,2026-10-08T01:00:02
246710,2215.0,1127.0,4925.0,2526.61,-12.33,28.65,337.0,티앤알바이오팹,,2026-10-08T01:00:02
246960,2785.0,1389.0,3250.0,2196.28,26.81,75.01,133.98,SCL사이언스,,2026-10-08T01:00:02
247540,129400.0,86910.0,255907.0,155264.9,-16.66,25.14,194.45,에코프로비엠,,2026-10-08T01:00:02
247660,3575.0,2260.0,5610.0,4340.45,-17.64,39.25,148.23,나노씨엠에스,,2026-10-08T01:00:02
248070,17120.0,11520.0,24350.0,16818.44,1.79,43.65,111.37,솔루엠,,2026-10-08T01:00:02
248170,21800.0,20450.0,36200.0,26261.9,-16.99,8.57,77.02,샘표식품,,2026-10-08T01:00:02
249420,14350.0,11250.0,45050.0,25378.55,-43.46,9.17,300.44,일동제약,,2026-10-08T01:00:02
251120,10340.0,6330.0,19450.0,13256.21,-22.0,30.56,207.27,바이오에프디엔씨,,2026-10-08T01:00:02
250000,5420.0,4950.0,9990.0,7386.84,-26.63,9.33,101.82,보라티알,,2026-10-08T01:00:02
250060,3100.0,2130.0,9440.0,3584.28,-13.51,13.27,343.19,모비스,,2026-10-08T01:00:02
250930,1160.0,441.0,3900.0,2127.54,-45.48,20.79,784.35,예선테크,,2026-10-08T01:00:02
251370,10530.0,6200.0,23500.0,12182.86,-13.57,25.03,279.03,와이엠티,,2026-10-08T01:00:02
251270,33800.0,33600.0,69000.0,47839.59,-29.35,0.56,105.36,넷마블,,2026-10-08T01:00:02
251630,3970.0,3120.0,11000.0,5214.41,-23.86,10.79,252.56,브이원텍,,2026-10-08T01:00:02
251970,67700.0,31400.0,70200.0,50970.45,32.82,93.56,123.57,펌텍코리아,,2026-10-08T01:00:02
252500,2375.0,2120.0,4770.0,3565.78,-33.39,9.62,125.0,세화피앤씨,,2026-10-08T01:00:02
252990,18860.0,4690.0,20750.0,10609.35,77.77,88.23,342.43,샘씨엔에스,,2026-10-08T01:00:02
253840,4590.0,3530.0,8250.0,5600.63,-18.04,22.46,133.71,수젠텍,,2026-10-08T01:00:02
253590,16310.0,6700.0,21400.0,12774.16,27.68,65.37,219.4,네오셈,,2026-10-08T01:00:02
253450,20650.0,19000.0,50500.0,34577.03,-40.28,5.24,165.79,스튜디오드래곤,,2026-10-08T01:00:02
255220,1046.0,1035.0,3397.0,2015.45,-48.1,0.47,228.21,SG,,2026-10-08T01:00:02
254490,19060.0,10520.0,47850.0,18456.32,3.27,22.88,354.85,미래반도체,,2026-10-08T01:00:02
255440,8940.0,3650.0,13450.0,9058.83,-1.31,53.98,268.49,야스,,2026-10-08T01:00:02
256150,5040.0,4240.0,6070.0,5191.28,-2.91,43.72,43.16,한독크린텍,,2026-10-08T01:00:02
256630,4355.0,3900.0,6105.0,5016.68,-13.19,20.63,56.54,포인트엔지니어링,,2026-10-08T01:00:02
256840,3125.0,2050.0,6180.0,3989.59,-21.67,26.03,201.46,한국비엔씨,,2026-10-08T01:00:02
256940,7270.0,5110.0,14250.0,8234.76,-11.72,23.63,178.86,킵스파마,,2026-10-08T01:00:02
257720,36150.0,29850.0,56100.0,41689.59,-13.29,24.0,87.94,실리콘투,,2026-10-08T01:00:02
258610,1200.0,907.0,2460.0,1383.71,-13.28,18.87,171.22,케일럼,,2026-10-08T01:00:02
257370,1868.0,1530.0,4050.0,2695.46,-30.7,13.41,164.71,피엔티엠에스,,2026-10-08T01:00:02
258790,7390.0,3110.0,11450.0,6250.06,18.24,51.32,268.17,소프트캠프,,2026-10-08T01:00:02
259630,10570.0,6990.0,20100.0,12649.63,-16.44,27.31,187.55,엠플러스,,2026-10-08T01:00:02
260660,2340.0,2150.0,5760.0,3376.39,-30.7,5.26,167.91,알리코제약,,2026-10-08T01:00:02
260930,2380.0,2180.0,6500.0,3868.49,-38.48,4.63,198.17,씨티케이,,2026-10-08T01:00:02
259960,188700.0,187800.0,337000.0,251707.06,-25.03,0.6,79.45,크래프톤,,2026-10-08T01:00:02
260970,62100.0,42100.0,135600.0,66425.09,-6.51,21.39,222.09,에스앤디,,2026-10-08T01:00:02
261520,5900.0,3290.0,33300.0,7487.12,-21.2,8.7,912.16,이지스,,2026-10-08T01:00:02
261200,2635.0,2125.0,6100.0,3803.74,-30.73,12.83,187.06,덴티스,,2026-10-08T01:00:02
261780,3570.0,1824.0,6720.0,2926.54,21.99,35.66,268.42,아리바이오LAB,,2026-10-08T01:00:02
262840,2885.0,2595.0,4490.0,3449.82,-16.37,15.3,73.03,아이퀘스트,,2026-10-08T01:00:02
262260,4385.0,2105.0,12900.0,5310.84,-17.43,21.12,512.83,에이프로,,2026-10-08T01:00:02
263600,5100.0,2810.0,6880.0,4512.57,13.02,56.27,144.84,덕우전자,,2026-10-08T01:00:02
263690,5290.0,4605.0,6320.0,5380.95,-1.69,39.94,37.24,디알젬,,2026-10-08T01:00:02
263020,3095.0,2655.0,4875.0,3130.17,-1.12,19.82,83.62,디케이앤디,,2026-10-08T01:00:02
263700,2125.0,1300.0,6300.0,2877.07,-26.14,16.5,384.62,케어랩스,,2026-10-08T01:00:02
263720,6910.0,5780.0,16800.0,11050.78,-37.47,10.25,190.66,디앤씨미디어,,2026-10-08T01:00:02
263750,32850.0,29450.0,77400.0,41686.99,-21.2,7.09,162.82,펄어비스,,2026-10-08T01:00:02
263770,1700.0,1344.0,2450.0,1878.16,-9.49,32.19,82.29,유에스티,,2026-10-08T01:00:02
263810,2555.0,2305.0,4215.0,2910.67,-12.22,13.09,82.86,상신전자,,2026-10-08T01:00:02
263800,4595.0,4115.0,8730.0,5058.81,-9.17,10.4,112.15,데이타솔루션,,2026-10-08T01:00:02
263920,3105.0,2685.0,4965.0,3817.03,-18.65,18.42,84.92,휴엠앤씨,,2026-10-08T01:00:02
264450,11740.0,8600.0,19000.0,11225.5,4.58,30.19,120.93,유비쿼스,,2026-10-08T01:00:02
264660,15150.0,9850.0,26100.0,15832.64,-4.31,32.62,164.97,씨앤지하이테크,,2026-10-08T01:00:02
263860,24050.0,11000.0,30000.0,17208.51,39.76,68.68,172.73,지니언스,,2026-10-08T01:00:02
264850,5890.0,3525.0,9530.0,5978.59,-1.48,39.38,170.35,이랜시스,,2026-10-08T01:00:02
264900,7640.0,7560.0,10160.0,8564.54,-10.79,3.08,34.39,크라운제과,,2026-10-08T01:00:02
265520,20500.0,15600.0,31100.0,20788.7,-1.39,31.61,99.36,AP시스템,,2026-10-08T01:00:02
265560,6200.0,5930.0,11120.0,7690.74,-19.38,5.2,87.52,영화테크,,2026-10-08T01:00:02
265740,7690.0,4020.0,9850.0,6145.11,25.14,62.95,145.02,엔에프씨,,2026-10-08T01:00:02
267250,183100.0,134700.0,333000.0,223353.16,-18.02,24.41,147.22,HD현대,,2026-10-08T01:00:02
267260,598000.0,484000.0,1430000.0,859252.79,-30.4,12.05,195.45,HD현대일렉트릭,,2026-10-08T01:00:02
267270,106600.0,85000.0,217500.0,125146.47,-14.82,16.3,155.88,HD건설기계,,2026-10-08T01:00:02
267320,2890.0,1274.0,4720.0,2969.13,-2.67,46.89,270.49,나인테크,,2026-10-08T01:00:02
267290,20750.0,18370.0,24300.0,21212.71,-2.18,40.13,32.28,경동도시가스,,2026-10-08T01:00:02
267790,3040.0,2750.0,4300.0,3533.98,-13.98,18.71,56.36,배럴,,2026-10-08T01:00:02
267850,9290.0,8610.0,12880.0,10466.65,-11.24,15.93,49.59,아시아나IDT,,2026-10-08T01:00:02
267980,34850.0,31100.0,41650.0,35109.48,-0.74,35.55,33.92,매일유업,,2026-10-08T01:00:02
268280,129100.0,89600.0,149200.0,127549.81,1.22,66.28,66.52,미원에스씨,,2026-10-08T01:00:02
270520,839.0,697.0,12570.0,3801.26,-77.93,1.2,1703.44,앱튼,,2026-10-08T01:00:02
270660,13460.0,9470.0,31900.0,17613.9,-23.58,17.79,236.85,에브리봇,,2026-10-08T01:00:02
270870,3700.0,3040.0,5770.0,4590.13,-19.39,24.18,89.8,뉴트리,,2026-10-08T01:00:02
271830,1088.0,800.0,3230.0,1590.19,-31.58,11.85,303.75,팸텍,,2026-10-08T01:00:02
271560,104400.0,99000.0,150100.0,120774.35,-13.56,10.57,51.62,오리온,,2026-10-08T01:00:02
271940,11580.0,8000.0,21200.0,14442.49,-19.82,27.12,165.0,일진하이솔루스,,2026-10-08T01:00:02
271980,10140.0,8810.0,19290.0,13043.98,-22.26,12.69,118.96,제일약품,,2026-10-08T01:00:02
272210,73700.0,44750.0,184000.0,83168.03,-11.38,20.79,311.17,한화시스템,,2026-10-08T01:00:02
272110,33100.0,15300.0,44600.0,28703.31,15.32,60.75,191.5,케이엔제이,,2026-10-08T01:00:02
272290,22400.0,16700.0,44400.0,26584.09,-15.74,20.58,165.87,이녹스첨단소재,,2026-10-08T01:00:02
272450,5790.0,4710.0,8610.0,6522.62,-11.23,27.69,82.8,진에어,,2026-10-08T01:00:02
272550,9840.0,7900.0,17540.0,11696.84,-15.87,20.12,122.03,삼양패키징,,2026-10-08T01:00:02
273060,3925.0,3040.0,7205.0,5022.16,-21.85,21.25,137.01,와이즈버즈,,2026-10-08T01:00:02
274090,12060.0,7300.0,39600.0,15914.61,-24.22,14.74,442.47,켄코아에어로스페이스,,2026-10-08T01:00:02
273640,5840.0,3905.0,13990.0,7525.07,-22.39,19.19,258.26,와이엠텍,,2026-10-08T01:00:02
274400,2305.0,1738.0,4740.0,3413.57,-32.48,18.89,172.73,이노시뮬레이션,,2026-10-08T01:00:02
277070,3380.0,2820.0,5920.0,4271.91,-20.88,18.06,109.93,린드먼아시아,,2026-10-08T01:00:02
276730,848.0,804.0,5791.0,3049.19,-72.19,0.88,620.27,한울앤제주,,2026-10-08T01:00:02
275630,3860.0,2115.0,4760.0,3425.0,12.7,65.97,125.06,에스에스알,,2026-10-08T01:00:02
277410,5580.0,4920.0,12940.0,9942.38,-43.88,8.23,163.01,인산가,,2026-10-08T01:00:02
277810,439000.0,266500.0,979000.0,514139.41,-14.61,24.21,267.35,레인보우로보틱스,,2026-10-08T01:00:02
277880,4030.0,2345.0,6550.0,4737.71,-14.94,40.07,179.32,티에스아이,,2026-10-08T01:00:02
279570,5350.0,5210.0,9880.0,5952.99,-10.13,3.0,89.64,케이뱅크,,2026-10-08T01:00:02
278280,39300.0,25900.0,80600.0,48607.81,-19.15,24.5,211.2,천보,,2026-10-08T01:00:02
278650,5910.0,1500.0,10100.0,5338.67,10.7,51.28,573.33,HLB바이오스텝,,2026-10-08T01:00:02
278470,369000.0,204000.0,475000.0,319615.24,15.45,60.89,132.84,에이피알,,2026-10-08T01:00:02
279600,3817.0,2870.0,11570.0,6126.57,-37.7,10.89,303.14,미디어젠,,2026-10-08T01:00:02
280360,119400.0,90000.0,155000.0,116568.03,2.43,45.23,72.22,롯데웰푸드,,2026-10-08T01:00:02
282330,127800.0,101200.0,156600.0,122614.13,4.23,48.01,54.74,BGF리테일,,2026-10-08T01:00:02
281820,124200.0,30850.0,134100.0,56462.83,119.97,90.41,334.68,케이씨텍,,2026-10-08T01:00:02
281740,13000.0,9200.0,28700.0,16047.1,-18.99,19.49,211.96,레이크머티리얼즈,,2026-10-08T01:00:02
282720,7710.0,6200.0,20200.0,10822.57,-28.76,10.79,225.81,금양그린파워,,2026-10-08T01:00:02
282880,11290.0,7340.0,21150.0,14013.71,-19.44,28.6,188.15,코윈테크,,2026-10-08T01:00:02
284740,24800.0,20150.0,27950.0,23881.6,3.85,59.62,38.71,쿠쿠홈시스,,2026-10-08T01:00:02
285130,51800.0,35850.0,81800.0,56977.14,-9.09,34.71,128.17,SK케미칼,,2026-10-08T01:00:02
285490,12500.0,9510.0,31900.0,18666.58,-33.04,13.35,235.44,노바텍,,2026-10-08T01:00:02
285800,4220.0,3165.0,14825.0,7360.99,-42.67,9.05,368.4,진영,,2026-10-08T01:00:02
286750,2585.0,2085.0,4510.0,3173.81,-18.55,20.62,116.31,나노실리칸첨단소재,,2026-10-08T01:00:02
286940,17670.0,15260.0,25400.0,20257.32,-12.77,23.77,66.45,롯데이노베이트,,2026-10-08T01:00:02
287840,17630.0,13050.0,74900.0,38311.12,-53.98,7.41,473.95,인투셀,,2026-10-08T01:00:02
288180,7590.0,5740.0,46500.0,9998.75,-24.09,4.54,710.1,케이피항공산업,,2026-10-08T01:00:02
288620,3875.0,3400.0,16260.0,8719.72,-55.56,3.69,378.24,에스프리즘,,2026-10-08T01:00:02
289010,842.0,630.0,2060.0,1471.24,-42.77,14.83,226.98,아이스크림에듀,,2026-10-08T01:00:02
288980,263.0,192.0,1648.0,869.88,-69.77,4.88,758.33,모아데이타,,2026-10-08T01:00:02
289080,2735.0,1439.0,5030.0,2473.49,10.57,36.09,249.55,SV인베스트먼트,,2026-10-08T01:00:02
289220,923.0,861.0,6480.0,3281.97,-71.88,1.1,652.61,자이언트스텝,,2026-10-08T01:00:02
289930,8010.0,5630.0,24650.0,11217.25,-28.59,12.51,337.83,웨이비스,,2026-10-08T01:00:02
290090,4665.0,3460.0,8950.0,6253.51,-25.4,21.95,158.67,트윔,,2026-10-08T01:00:02
290120,2165.0,2070.0,3900.0,2510.24,-13.75,5.19,88.41,DH오토리드,,2026-10-08T01:00:02
290520,1625.0,1324.0,3515.0,1802.67,-9.86,13.74,165.48,신도기연,,2026-10-08T01:00:02
290550,24900.0,6660.0,34950.0,15173.05,64.11,64.48,424.77,디케이티,,2026-10-08T01:00:02
290270,2815.0,2305.0,5720.0,3450.69,-18.42,14.93,148.16,휴네시온,,2026-10-08T01:00:02
290560,1183.0,769.0,2265.0,1440.94,-17.9,27.67,194.54,파라택시스이더리움,,2026-10-08T01:00:02
290650,56100.0,28232.0,121064.0,62710.36,-10.54,30.02,328.82,엘앤씨바이오,,2026-10-08T01:00:02
290660,1283.0,1200.0,3480.0,1825.12,-29.7,3.64,190.0,다이나믹솔루션,,2026-10-08T01:00:02
290670,5550.0,3600.0,18870.0,10852.23,-48.86,12.77,424.17,대보마그네틱,,2026-10-08T01:00:02
290690,3080.0,2700.0,7170.0,4261.65,-27.73,8.5,165.56,소룩스,,2026-10-08T01:00:02
290720,3370.0,1839.0,3980.0,2582.33,30.5,71.51,116.42,푸드나무,,2026-10-08T01:00:02
290740,11520.0,4550.0,32700.0,12904.96,-10.73,24.76,618.68,액트로,,2026-10-08T01:00:02
291230,2700.0,1805.0,7595.0,4056.99,-33.45,15.46,320.78,엔피,,2026-10-08T01:00:02
291650,2790.0,1350.0,3996.0,2177.6,28.12,54.42,196.0,압타머사이언스,,2026-10-08T01:00:02
293490,9900.0,6780.0,18440.0,12598.88,-21.42,26.76,171.98,카카오게임즈,,2026-10-08T01:00:02
293480,8460.0,8100.0,12390.0,10050.15,-15.82,8.39,52.96,하나제약,,2026-10-08T01:00:02
293780,7710.0,3870.0,10890.0,7087.01,8.79,54.7,181.4,압타바이오,,2026-10-08T01:00:02
293580,1285.0,985.0,3350.0,1560.63,-17.66,12.68,240.1,나우IB,,2026-10-08T01:00:02
293940,5480.0,5040.0,6270.0,5571.64,-1.64,35.77,24.4,신한알파리츠,,2026-10-08T01:00:02
294140,2855.0,1200.0,9500.0,4454.6,-35.91,19.94,691.67,레몬,,2026-10-08T01:00:02
294570,25900.0,13000.0,47400.0,28759.33,-9.94,37.5,264.62,쿠콘,,2026-10-08T01:00:02
294870,21850.0,16900.0,25350.0,21044.8,3.83,58.58,50.0,IPARK현대산업개발,,2026-10-08T01:00:02
294630,3120.0,2295.0,7150.0,3166.56,-1.47,16.99,211.55,서남,,2026-10-08T01:00:02
295310,76300.0,21950.0,144000.0,60070.26,27.02,44.53,556.04,에이치브이엠,,2026-10-08T01:00:02
296640,6430.0,3510.0,9990.0,6145.56,4.63,45.06,184.62,이노에이엑스,,2026-10-08T01:00:02
297090,4970.0,3050.0,9600.0,5933.35,-16.24,29.31,214.75,씨에스베어링,,2026-10-08T01:00:02
297570,3955.0,3505.0,11450.0,5710.67,-30.74,5.66,226.68,아틀라스링크,,2026-10-08T01:00:02
297890,1635.0,1360.0,3070.0,2096.1,-22.0,16.08,125.74,HB솔루션,,2026-10-08T01:00:02
298000,51700.0,40050.0,87500.0,72567.29,-28.76,24.55,118.48,효성화학,,2026-10-08T01:00:02
298040,2500000.0,1185000.0,4742000.0,2560855.02,-2.38,36.97,300.17,효성중공업,,2026-10-08T01:00:02
298020,279000.0,199000.0,557000.0,314013.01,-11.15,22.35,179.9,효성티앤씨,,2026-10-08T01:00:02
298050,163000.0,135000.0,282000.0,197578.81,-17.5,19.05,108.89,HS효성첨단소재,,2026-10-08T01:00:02
298060,2335.0,2240.0,6900.0,4087.68,-42.88,2.04,208.04,풍전약품,,2026-10-08T01:00:02
298380,48750.0,47350.0,257500.0,129167.47,-62.26,0.67,443.82,에이비엘바이오,,2026-10-08T01:00:02
298540,6520.0,5580.0,10890.0,7913.9,-17.61,17.7,95.16,더네이쳐홀딩스,,2026-10-08T01:00:02
298690,1503.0,1400.0,2240.0,1765.56,-14.87,12.26,60.0,에어부산,,2026-10-08T01:00:02
298830,4295.0,3000.0,10880.0,5890.59,-27.09,16.43,262.67,슈어소프트테크,,2026-10-08T01:00:02
299030,15610.0,9250.0,35850.0,23859.26,-34.57,23.91,287.57,하나기술,,2026-10-08T01:00:02
299170,1489.0,1012.0,5000.0,2108.77,-29.39,11.96,394.07,더블유에스아이,,2026-10-08T01:00:02
299660,2495.0,973.0,4760.0,2823.91,-11.65,40.19,389.21,셀리드,,2026-10-08T01:00:02
300120,3000.0,1908.0,11855.0,5878.1,-48.96,10.98,521.33,라온피플,,2026-10-08T01:00:02
300080,8050.0,5510.0,20200.0,11868.55,-32.17,17.29,266.61,플리토,,2026-10-08T01:00:02
301300,1750.0,901.0,5050.0,2776.03,-36.96,20.46,460.49,바이브컴퍼니,,2026-10-08T01:00:02
300720,16120.0,12710.0,21150.0,16824.68,-4.19,40.4,66.4,한일시멘트,,2026-10-08T01:00:02
302430,8120.0,4030.0,11540.0,7273.27,11.64,54.46,186.35,이노메트리,,2026-10-08T01:00:02
302550,2610.0,2300.0,4595.0,3017.32,-13.5,13.51,99.78,리메드,,2026-10-08T01:00:02
302440,37300.0,31800.0,61300.0,44232.9,-15.67,18.64,92.77,SK바이오사이언스,,2026-10-08T01:00:02
303030,1176.0,918.0,5115.0,3039.63,-61.31,6.15,457.19,지니틱스,,2026-10-08T01:00:02
303360,5990.0,3680.0,6890.0,5023.2,19.25,71.96,87.23,프로티아,,2026-10-08T01:00:02
303530,3015.0,2260.0,6960.0,4492.32,-32.89,16.06,207.96,이노뎁,,2026-10-08T01:00:02
303810,2745.0,2155.0,4395.0,3267.81,-16.0,26.34,103.94,동국생명과학,,2026-10-08T01:00:02
304100,14360.0,9960.0,38350.0,23108.96,-37.86,15.5,285.04,솔트룩스,,2026-10-08T01:00:02
304360,22300.0,13910.0,42600.0,26994.09,-17.39,29.24,206.25,에스바이오메딕스,,2026-10-08T01:00:02
306040,1816.0,1352.0,14800.0,4914.17,-63.05,3.45,994.67,에스제이그룹,,2026-10-08T01:00:02
306620,2185.0,1260.0,4140.0,2371.68,-7.87,32.12,228.57,지아이에스,,2026-10-08T01:00:02
307180,5620.0,2400.0,10400.0,4630.19,21.38,40.25,333.33,아이엘,,2026-10-08T01:00:02
306200,146900.0,112000.0,189000.0,133307.81,10.2,45.32,68.75,세아제강,,2026-10-08T01:00:02
307280,5920.0,4765.0,8400.0,6257.71,-5.4,31.77,76.29,원바이오젠,,2026-10-08T01:00:02
307750,2625.0,1700.0,6000.0,3217.41,-18.41,21.51,252.94,국전,,2026-10-08T01:00:02
307870,1238.0,521.0,1692.0,1162.46,6.5,61.23,224.76,비투엔,,2026-10-08T01:00:02
307930,6530.0,4815.0,11100.0,6753.53,-3.31,27.29,130.53,컴퍼니케이,,2026-10-08T01:00:02
307950,366000.0,147600.0,1066000.0,386330.48,-5.26,23.78,622.22,현대오토에버,,2026-10-08T01:00:02
308100,326.0,241.0,2305.0,1039.52,-68.64,4.12,856.43,형지글로벌,,2026-10-08T01:00:02
308170,3315.0,2900.0,10200.0,4869.46,-31.92,5.68,251.72,씨티알모빌리티,,2026-10-08T01:00:02
308430,14040.0,9930.0,42200.0,21515.65,-34.75,12.74,324.97,셀비온,,2026-10-08T01:00:02
309960,4275.0,3600.0,7750.0,5154.65,-17.07,16.27,115.28,LB인베스트먼트,,2026-10-08T01:00:02
310200,2145.0,1800.0,4870.0,2968.78,-27.75,11.24,170.56,애니플러스,,2026-10-08T01:00:02
310870,1541.0,1123.0,2490.0,1388.26,11.0,30.58,121.73,디와이씨,,2026-10-08T01:00:02
311320,9010.0,5110.0,11920.0,7724.5,16.64,57.27,133.27,지오엘리먼트,,2026-10-08T01:00:02
310210,141700.0,97500.0,375500.0,211010.78,-32.85,15.9,285.13,보로노이,,2026-10-08T01:00:02
311390,2480.0,1983.0,11120.0,4850.89,-48.88,5.44,460.77,네오크레마,,2026-10-08T01:00:02
311690,3925.0,3060.0,10430.0,7179.03,-45.33,11.74,240.85,CJ 바이오사이언스,,2026-10-08T01:00:02
314130,5300.0,2440.0,10180.0,5184.78,2.22,36.95,317.21,지놈앤컴퍼니,,2026-10-08T01:00:02
314140,5860.0,4810.0,9130.0,6456.47,-9.24,24.31,89.81,알피바이오,,2026-10-08T01:00:02
317120,1598.0,1100.0,3660.0,1925.51,-17.01,19.45,232.73,라닉스,,2026-10-08T01:00:02
316140,32750.0,23750.0,41500.0,30631.78,6.92,50.7,74.74,우리금융지주,,2026-10-08T01:00:02
315640,2125.0,1120.0,5394.0,3094.57,-31.33,23.51,381.61,딥노이드,,2026-10-08T01:00:02
314930,6680.0,6310.0,16860.0,11552.01,-42.17,3.51,167.19,바이오다인,,2026-10-08T01:00:02
317240,994.0,662.0,3120.0,1301.3,-23.61,13.51,371.3,TS트릴리온,,2026-10-08T01:00:02
317330,13800.0,7850.0,33000.0,17026.95,-18.95,23.66,320.38,덕산테코피아,,2026-10-08T01:00:02
317400,9970.0,3050.0,11920.0,5111.34,95.06,78.02,290.82,자이에스앤디,,2026-10-08T01:00:02
317450,42700.0,39100.0,134500.0,58251.83,-26.7,3.77,243.99,명인제약,,2026-10-08T01:00:02
317690,2355.0,1927.0,5710.0,3605.2,-34.68,11.31,196.32,퀀타매트릭스,,2026-10-08T01:00:02
317530,3190.0,1960.0,6020.0,3889.39,-17.98,30.3,207.14,에피소드컴퍼니,,2026-10-08T01:00:02
317770,2940.0,2010.0,4735.0,3049.93,-3.6,34.13,135.57,엑스페릭스,,2026-10-08T01:00:02
317830,4885.0,3500.0,17300.0,8935.71,-45.33,10.04,394.29,에스피시스템스,,2026-10-08T01:00:02
317850,5970.0,4800.0,10910.0,7357.55,-18.86,19.15,127.29,대모,,2026-10-08T01:00:02
317870,5320.0,3540.0,18260.0,8825.71,-39.72,12.09,415.82,엔바이오니아,,2026-10-08T01:00:02
318010,3560.0,3135.0,4320.0,3599.54,-1.1,35.86,37.8,팜스빌,,2026-10-08T01:00:02
318000,2765.0,2545.0,6160.0,4028.87,-31.37,6.09,142.04,KBG,,2026-10-08T01:00:02
318160,6620.0,4960.0,11510.0,7598.92,-12.88,25.34,132.06,셀바이오휴먼텍,,2026-10-08T01:00:02
318060,15390.0,8210.0,69000.0,24960.41,-38.34,11.81,740.44,그래피,,2026-10-08T01:00:02
318020,2565.0,1800.0,5820.0,3411.09,-24.8,19.03,223.33,포인트모바일,,2026-10-08T01:00:02
318410,6210.0,5090.0,9470.0,7304.8,-14.99,25.57,86.05,비비씨,,2026-10-08T01:00:02
320000,10100.0,7079.0,29050.0,10569.54,-4.44,13.75,310.37,한울반도체,,2026-10-08T01:00:02
319660,142500.0,22450.0,219500.0,84185.69,69.27,60.92,877.73,피에스케이,,2026-10-08T01:00:02
321260,1727.0,1290.0,5610.0,2075.66,-16.8,10.12,334.88,프로이천,,2026-10-08T01:00:02
321370,1830.0,812.0,4806.0,1927.29,-5.05,25.49,491.87,센서뷰,,2026-10-08T01:00:02
321550,4650.0,3415.0,13700.0,6423.53,-27.61,12.01,301.17,티움바이오,,2026-10-08T01:00:02
321820,4200.0,1960.0,6310.0,3884.88,8.11,51.49,221.94,아티스트컴퍼니,,2026-10-08T01:00:02
322000,148600.0,42250.0,256000.0,106115.43,40.04,49.75,505.92,HD현대에너지솔루션,,2026-10-08T01:00:02
322310,16440.0,10910.0,52000.0,24206.77,-32.09,13.46,376.63,오로스테크놀로지,,2026-10-08T01:00:02
322180,4520.0,3270.0,11660.0,6460.72,-30.04,14.9,256.57,LS티라유텍,,2026-10-08T01:00:02
322510,5250.0,3765.0,9210.0,5761.39,-8.88,27.27,144.62,제이엘케이,,2026-10-08T01:00:02
323280,60400.0,23000.0,94000.0,48770.07,23.85,52.68,308.7,태성,,2026-10-08T01:00:02
322780,1633.0,1213.0,11000.0,3827.55,-57.34,4.29,806.84,코퍼스코리아,,2026-10-08T01:00:02
323350,11000.0,4960.0,28100.0,9642.01,14.08,26.1,466.53,다원넥스뷰,,2026-10-08T01:00:02
323990,4300.0,3350.0,11520.0,7446.23,-42.25,11.63,243.88,박셀바이오,,2026-10-08T01:00:02
323410,19750.0,19110.0,29500.0,22914.54,-13.81,6.16,54.37,카카오뱅크,,2026-10-08T01:00:02
326030,74300.0,73000.0,144100.0,102219.7,-27.31,1.83,97.4,에스케이바이오팜,,2026-10-08T01:00:02
327260,52200.0,3304.0,63420.0,25319.58,106.16,81.34,1819.49,RF머트리얼즈,,2026-10-08T01:00:02
328130,11350.0,8180.0,24550.0,16098.34,-29.5,19.36,200.12,루닛,,2026-10-08T01:00:02
328380,3655.0,2285.0,5570.0,3968.29,-7.89,41.7,143.76,솔트웨어,,2026-10-08T01:00:02
329180,386500.0,386000.0,765000.0,546329.0,-29.26,0.13,98.19,HD현대중공업,,2026-10-08T01:00:02
330590,4130.0,3260.0,4900.0,4065.0,1.6,53.05,50.31,롯데리츠,,2026-10-08T01:00:02
330350,7080.0,5910.0,11950.0,7622.38,-7.12,19.37,102.2,위더스제약,,2026-10-08T01:00:02
330730,4685.0,4000.0,7270.0,5258.44,-10.91,20.95,81.75,스톤브릿지벤처스,,2026-10-08T01:00:02
330860,32650.0,14310.0,63500.0,25690.0,27.09,37.28,343.75,네패스아크,,2026-10-08T01:00:02
331380,2110.0,1317.0,3695.0,2312.75,-8.77,33.35,180.56,포커스에이아이,,2026-10-08T01:00:02
331740,6780.0,5120.0,22750.0,12578.29,-46.1,9.42,344.34,아우토크립트,,2026-10-08T01:00:02
331520,2165.0,1500.0,3440.0,2605.93,-16.92,34.28,129.33,밸로프,,2026-10-08T01:00:02
331920,10040.0,2535.0,19840.0,7997.81,25.53,43.37,682.64,셀레믹스,,2026-10-08T01:00:02
332290,4460.0,3525.0,8090.0,5615.95,-20.58,20.48,129.5,누보,,2026-10-08T01:00:02
332370,5200.0,4380.0,5740.0,5170.86,0.56,60.29,31.05,아이디피,,2026-10-08T01:00:02
332570,8720.0,4065.0,14990.0,6904.29,26.3,42.61,268.76,PS일렉트로닉스,,2026-10-08T01:00:02
333050,5850.0,4240.0,9106.0,6287.43,-6.96,33.09,114.76,이노테나,,2026-10-08T01:00:02
334890,3590.0,3055.0,4600.0,3998.28,-10.21,34.63,50.57,이지스밸류플러스리츠,,2026-10-08T01:00:02
333430,3735.0,2850.0,10430.0,5485.97,-31.92,11.68,265.96,일승,,2026-10-08T01:00:02
333620,5140.0,4630.0,8450.0,6144.89,-16.35,13.35,82.51,엔시스,,2026-10-08T01:00:02
334970,1415.0,1230.0,3850.0,2508.93,-43.6,7.06,213.01,프레스티지바이오로직스,,2026-10-08T01:00:02
335810,1491.0,1106.0,3505.0,2260.03,-34.03,16.05,216.91,프리시젼바이오,,2026-10-08T01:00:02
335870,3800.0,3705.0,12750.0,8342.08,-54.45,1.05,244.13,윙스풋,,2026-10-08T01:00:02
336060,3095.0,2500.0,5875.0,4421.62,-30.0,17.63,135.0,웨이버스,,2026-10-08T01:00:02
336370,8880.0,5330.0,16900.0,8787.29,1.06,30.68,217.07,솔루스첨단소재,,2026-10-08T01:00:02
336260,44900.0,18230.0,108900.0,43269.7,3.77,29.41,497.37,두산퓨얼셀,,2026-10-08T01:00:02
336570,4965.0,4130.0,11430.0,7290.67,-31.9,11.44,176.76,원텍,,2026-10-08T01:00:02
336680,3005.0,1721.0,5280.0,3622.01,-17.03,36.08,206.8,탑런토탈솔루션,,2026-10-08T01:00:02
337930,2340.0,2315.0,6330.0,4154.26,-43.67,0.62,173.43,젝시믹스,,2026-10-08T01:00:02
338220,8100.0,4235.0,28350.0,16058.18,-49.56,16.03,569.42,뷰노,,2026-10-08T01:00:02
338840,7880.0,7230.0,38000.0,18553.01,-57.53,2.11,425.59,와이바이오로직스,,2026-10-08T01:00:02
339770,3920.0,3495.0,5050.0,4184.0,-6.31,27.33,44.49,교촌에프앤비,,2026-10-08T01:00:02
338100,3740.0,3390.0,4975.0,4341.56,-13.86,22.08,46.76,NH프라임리츠,,2026-10-08T01:00:02
339950,2360.0,1790.0,3150.0,2318.75,1.78,41.91,75.98,아이비김영,,2026-10-08T01:00:02
340360,837.0,525.0,2385.0,1355.67,-38.26,16.77,354.29,다보링크,,2026-10-08T01:00:02
340450,9780.0,4100.0,10500.0,6897.71,41.79,88.75,156.1,지씨지놈,,2026-10-08T01:00:02
340570,27900.0,21812.0,35800.0,26796.44,4.12,43.52,64.13,티앤엘,,2026-10-08T01:00:02
340810,3670.0,2105.0,5100.0,3116.3,17.77,52.25,142.28,시선AI,,2026-10-08T01:00:02
342870,3940.0,3310.0,17980.0,6792.84,-42.0,4.29,443.2,오아,,2026-10-08T01:00:02
344820,23600.0,21000.0,31450.0,25984.94,-9.18,24.88,49.76,케이씨씨글라스,,2026-10-08T01:00:02
344860,1306.0,1099.0,2800.0,1558.08,-16.18,12.17,154.78,이노진,,2026-10-08T01:00:02
347000,1847.0,1212.0,2750.0,2078.52,-11.14,41.29,126.9,센코,,2026-10-08T01:00:02
347770,919.0,702.0,2530.0,1362.93,-32.57,11.87,260.4,핌스,,2026-10-08T01:00:02
347740,1685.0,1292.0,3175.0,2253.65,-25.23,20.87,145.74,피엔케이피부임상연구센타,,2026-10-08T01:00:02
347850,44300.0,34759.0,116600.0,71929.52,-38.41,11.66,235.45,디앤디파마텍,,2026-10-08T01:00:02
347890,4345.0,3785.0,7940.0,5600.93,-22.42,13.48,109.78,엠엑스온,,2026-10-08T01:00:02
347860,1678.0,1198.0,3280.0,2030.48,-17.36,23.05,173.79,알체라,,2026-10-08T01:00:02
348030,3590.0,2100.0,4310.0,3060.91,17.29,67.42,105.24,모비릭스,,2026-10-08T01:00:02
348080,3775.0,1765.0,12975.0,6922.18,-45.47,17.93,635.13,큐라티스,,2026-10-08T01:00:02
348210,38750.0,24800.0,100400.0,58675.09,-33.96,18.45,304.84,넥스틴,,2026-10-08T01:00:02
348150,2920.0,2310.0,8730.0,4697.68,-37.84,9.5,277.92,고바이오랩,,2026-10-08T01:00:02
348340,20750.0,13880.0,88302.0,29041.07,-28.55,9.23,536.18,뉴로메카,,2026-10-08T01:00:02
348370,23200.0,14020.0,105000.0,50916.69,-54.44,10.09,648.93,엔켐,,2026-10-08T01:00:02
348350,9740.0,6700.0,12670.0,9225.87,5.57,50.92,89.1,위드텍,,2026-10-08T01:00:02
350520,3215.0,3155.0,4055.0,3695.37,-13.0,6.67,28.53,이지스레지던스리츠,,2026-10-08T01:00:02
351330,3460.0,2905.0,12190.0,6792.49,-49.06,5.98,319.62,이삭엔지니어링,,2026-10-08T01:00:02
351870,2385.0,1501.0,7090.0,3929.65,-39.31,15.82,372.35,차이커뮤니케이션,,2026-10-08T01:00:02
352090,3640.0,3330.0,4200.0,3637.99,0.06,35.63,26.13,스톰테크,,2026-10-08T01:00:02
352480,20600.0,16550.0,45900.0,28552.27,-27.85,13.8,177.34,씨앤씨인터내셔널,,2026-10-08T01:00:02
352700,1453.0,1161.0,2675.0,1976.6,-26.49,19.29,130.4,씨앤투스,,2026-10-08T01:00:02
352910,4690.0,3115.0,7300.0,4583.12,2.33,37.63,134.35,오비고,,2026-10-08T01:00:02
352820,162600.0,153300.0,405500.0,266506.32,-38.99,3.69,164.51,하이브,,2026-10-08T01:00:02
352940,2020.0,1815.0,2440.0,2146.85,-5.91,32.8,34.44,인바이오,,2026-10-08T01:00:02
353190,2610.0,2370.0,4230.0,3227.79,-19.14,12.9,78.48,휴럼,,2026-10-08T01:00:02
353590,1563.0,1301.0,4600.0,2639.05,-40.77,7.94,253.57,오토앤,,2026-10-08T01:00:02
353200,157100.0,22500.0,198000.0,82586.06,90.23,76.7,780.0,대덕전자,,2026-10-08T01:00:02
353810,5880.0,5340.0,8560.0,6489.07,-9.39,16.77,60.3,이지바이오,,2026-10-08T01:00:02
354200,837.0,698.0,6785.0,3353.49,-75.04,2.28,872.06,엔젠바이오,,2026-10-08T01:00:02
354320,53700.0,18900.0,104000.0,41706.47,28.76,40.89,450.26,알멕,,2026-10-08T01:00:02
355150,24350.0,10560.0,64100.0,20526.06,18.63,25.76,507.01,코스텍시스,,2026-10-08T01:00:02
355690,6060.0,2940.0,7991.0,4901.12,23.65,61.77,171.8,에이텀,,2026-10-08T01:00:02
355390,1624.0,1101.0,6470.0,3307.33,-50.9,9.74,487.65,크라우드웍스,,2026-10-08T01:00:02
356680,18130.0,6100.0,30550.0,10932.79,65.83,49.2,400.82,엑스게이트,,2026-10-08T01:00:02
356860,51800.0,13683.0,67608.0,33891.0,52.84,70.69,394.1,티엘비,,2026-10-08T01:00:02
356890,2635.0,1810.0,5420.0,3319.55,-20.62,22.85,199.45,싸이버원,,2026-10-08T01:00:02
357120,4025.0,3750.0,4950.0,4365.07,-7.79,22.92,32.0,코람코라이프인프라리츠,,2026-10-08T01:00:02
357250,1845.0,1750.0,2855.0,2332.84,-20.91,8.6,63.14,미래에셋맵스리츠,,2026-10-08T01:00:02
357230,2100.0,1926.0,3295.0,2403.73,-12.64,12.71,71.08,에이치피오,,2026-10-08T01:00:02
357430,776.0,500.0,1660.0,1247.61,-37.8,23.79,232.0,마스턴프리미어리츠,,2026-10-08T01:00:02
357550,32800.0,28650.0,75300.0,48680.67,-32.62,8.9,162.83,석경에이티,,2026-10-08T01:00:02
357580,8480.0,4090.0,29900.0,10394.65,-18.42,17.01,631.05,아모센스,,2026-10-08T01:00:02
357780,414000.0,200000.0,530000.0,338563.2,22.28,64.85,165.0,솔브레인,,2026-10-08T01:00:02
357880,1742.0,1413.0,6160.0,2545.09,-31.55,6.93,335.95,SKAI,,2026-10-08T01:00:02
358570,8500.0,6470.0,21000.0,13736.17,-38.12,13.97,224.57,지아이이노베이션,,2026-10-08T01:00:02
359090,2330.0,1667.0,5890.0,3650.54,-36.17,15.7,253.33,씨엔알리서치,,2026-10-08T01:00:02
360070,10460.0,6520.0,28650.0,17092.9,-38.8,17.8,339.42,탑머티리얼,,2026-10-08T01:00:02
360350,11890.0,4950.0,18530.0,8753.35,35.83,51.1,274.34,코셈,,2026-10-08T01:00:02
361390,12620.0,9710.0,36900.0,19439.74,-35.08,10.7,280.02,제노코,,2026-10-08T01:00:02
361610,18660.0,11840.0,35100.0,23012.49,-18.91,29.32,196.45,SK아이이테크놀로지,,2026-10-08T01:00:02
361570,1610.0,1211.0,3435.0,1918.31,-16.07,17.94,183.65,알비더블유,,2026-10-08T01:00:02
361670,4045.0,2260.0,4320.0,3406.73,18.74,86.65,91.15,삼영에스앤씨,,2026-10-08T01:00:02
362320,4260.0,3290.0,9920.0,5717.9,-25.5,14.63,201.52,청담글로벌,,2026-10-08T01:00:02
362990,1216.0,888.0,2360.0,1571.07,-22.6,22.28,165.77,드림인사이트,,2026-10-08T01:00:02
363250,4135.0,2850.0,7260.0,4844.68,-14.65,29.14,154.74,진시스템,,2026-10-08T01:00:02
363260,4040.0,3050.0,12225.0,6844.01,-40.97,10.79,300.82,모비데이즈,,2026-10-08T01:00:02
364950,3900.0,2750.0,13930.0,6735.0,-42.09,10.29,406.55,에이아이코리아,,2026-10-08T01:00:02
363280,2000.0,1635.0,3245.0,2452.32,-18.44,22.67,98.47,티와이홀딩스,,2026-10-08T01:00:02
365550,3115.0,2925.0,4795.0,4032.51,-22.75,10.16,63.93,ESR켄달스퀘어리츠,,2026-10-08T01:00:02
365330,1589.0,1110.0,4635.0,2920.47,-45.59,13.59,317.57,에스와이스틸텍,,2026-10-08T01:00:02
365660,3570.0,3530.0,20300.0,5489.92,-34.97,0.24,475.07,레몬헬스케어,,2026-10-08T01:00:02
365340,38000.0,23800.0,85500.0,47604.09,-20.17,23.01,259.24,성일하이텍,,2026-10-08T01:00:02
365270,10120.0,3600.0,20750.0,10387.04,-2.57,38.02,476.39,큐라클,,2026-10-08T01:00:02
366030,4555.0,3900.0,7100.0,5268.53,-13.54,20.47,82.05,나인앤컴퍼니,,2026-10-08T01:00:02
365900,2495.0,2140.0,3945.0,2874.41,-13.2,19.67,84.35,브이씨,,2026-10-08T01:00:02
367000,3580.0,2445.0,5200.0,3832.71,-6.59,41.2,112.68,플래티어,,2026-10-08T01:00:02
369370,2910.0,2880.0,10250.0,5648.51,-48.48,0.41,255.9,블리츠웨이엔터테인먼트,,2026-10-08T01:00:02
368770,13770.0,5280.0,29950.0,13204.16,4.29,34.41,467.23,파이버프로,,2026-10-08T01:00:02
368970,2440.0,1491.0,3446.0,2521.38,-3.23,48.54,131.12,오에스피,,2026-10-08T01:00:02
372800,2875.0,1511.0,8570.0,4181.77,-31.25,19.32,467.17,아이티아이즈,,2026-10-08T01:00:02
370090,6240.0,4415.0,18930.0,11357.47,-45.06,12.57,328.77,퓨런티어,,2026-10-08T01:00:02
371950,3180.0,2695.0,19970.0,9242.34,-65.59,2.81,641.0,풍원정밀,,2026-10-08T01:00:02
372320,25150.0,20650.0,66000.0,39383.46,-36.14,9.92,219.61,큐로셀,,2026-10-08T01:00:02
372170,24100.0,11230.0,43900.0,28277.73,-14.77,39.39,290.92,윤성에프앤씨,,2026-10-08T01:00:02
372910,2140.0,1524.0,3780.0,2423.3,-11.69,27.3,148.03,한컴라이프케어,,2026-10-08T01:00:02
373110,1049.0,951.0,3556.0,1616.54,-35.11,3.76,273.92,엑셀세라퓨틱스,,2026-10-08T01:00:02
373160,3345.0,2390.0,6770.0,4467.84,-25.13,21.8,183.26,데이원컴퍼니,,2026-10-08T01:00:02
373170,1846.0,1370.0,5820.0,2451.06,-24.69,10.7,324.82,엠아이큐브솔루션,,2026-10-08T01:00:02
373200,1881.0,1220.0,5475.0,2792.84,-32.65,15.53,348.77,엑스플러스,,2026-10-08T01:00:02
373220,414000.0,290500.0,527000.0,392693.31,5.43,52.22,81.41,LG에너지솔루션,,2026-10-08T01:00:02
376290,2770.0,2050.0,3290.0,2836.93,-2.36,58.06,60.49,씨유테크,,2026-10-08T01:00:02
376180,1495.0,900.0,3555.0,2278.91,-34.4,22.41,295.0,피코그램,,2026-10-08T01:00:02
376270,32200.0,18900.0,97500.0,48198.33,-33.19,16.92,415.87,HEM파마,,2026-10-08T01:00:02
375500,69300.0,38450.0,106600.0,59785.32,15.91,45.27,177.24,DL이앤씨,,2026-10-08T01:00:02
376300,18890.0,16680.0,51700.0,31026.51,-39.12,6.31,209.95,디어유,,2026-10-08T01:00:02
376900,27000.0,14120.0,153800.0,54923.68,-50.84,9.22,989.24,로킷헬스케어,,2026-10-08T01:00:02
376930,1466.0,1335.0,19395.0,7559.93,-80.61,0.73,1352.81,노을,,2026-10-08T01:00:02
376980,3185.0,1998.0,4950.0,3395.91,-6.21,40.21,147.75,원티드랩,,2026-10-08T01:00:02
377030,2430.0,1151.0,18534.0,5915.55,-58.92,7.36,1510.25,비트맥스,,2026-10-08T01:00:02
377190,1974.0,1935.0,3755.0,2897.6,-31.87,2.14,94.06,디앤디플랫폼리츠,,2026-10-08T01:00:02
377480,10130.0,7730.0,26500.0,15976.1,-36.59,12.79,242.82,마음AI,,2026-10-08T01:00:02
377220,1884.0,1847.0,9865.0,5567.74,-66.16,0.46,434.11,프롬바이오,,2026-10-08T01:00:02
377330,2835.0,2110.0,5880.0,3369.13,-15.85,19.23,178.67,이지트로닉스,,2026-10-08T01:00:02
377450,13810.0,8420.0,18150.0,12700.04,8.74,55.4,115.56,리파인,,2026-10-08T01:00:02
377300,38500.0,36550.0,79200.0,50434.01,-23.66,4.57,116.69,카카오페이,,2026-10-08T01:00:02
377740,4635.0,4050.0,6320.0,5223.59,-11.27,25.77,56.05,바이오노트,,2026-10-08T01:00:02
378340,12910.0,7330.0,22850.0,13667.14,-5.54,35.95,211.73,필에너지,,2026-10-08T01:00:02
378850,2780.0,2375.0,4500.0,3236.43,-14.1,19.06,89.47,화승알앤에이,,2026-10-08T01:00:02
382150,3720.0,2235.0,14490.0,7252.17,-48.71,12.12,548.32,온코크로스,,2026-10-08T01:00:02
382480,1632.0,1531.0,3265.0,2098.15,-22.22,5.82,113.26,지아이텍,,2026-10-08T01:00:02
381970,6340.0,5990.0,16970.0,12049.0,-47.38,3.19,183.31,케이카,,2026-10-08T01:00:02
380550,7420.0,5480.0,36700.0,17771.04,-58.25,6.21,569.71,뉴로핏,,2026-10-08T01:00:02
382800,7010.0,2550.0,10150.0,4582.3,52.98,58.68,298.04,지앤비에스 에코,,2026-10-08T01:00:02
381620,5880.0,4560.0,19940.0,10571.78,-44.38,8.58,337.28,제닉스로보틱스,,2026-10-08T01:00:02
382840,5400.0,3230.0,12150.0,7711.71,-29.98,24.33,276.16,원준,,2026-10-08T01:00:02
383310,25500.0,20000.0,46900.0,27629.93,-7.71,20.45,134.5,에코프로에이치엔,,2026-10-08T01:00:02
383220,73800.0,58000.0,89000.0,69774.72,5.77,50.97,53.45,F&F,,2026-10-08T01:00:02
382900,24800.0,11810.0,44200.0,27239.22,-8.95,40.1,274.26,범한퓨얼셀,,2026-10-08T01:00:02
383800,8060.0,7060.0,10340.0,8205.02,-1.77,30.49,46.46,LX홀딩스,,2026-10-08T01:00:02
387690,18210.0,6980.0,34650.0,14128.64,28.89,40.59,396.42,레메디,,2026-10-08T01:00:02
388210,92000.0,56500.0,170300.0,106835.81,-13.89,31.2,201.42,씨엠티엑스,,2026-10-08T01:00:02
383930,2330.0,1430.0,4115.0,2641.94,-11.81,33.52,187.76,디티앤씨알오,,2026-10-08T01:00:02
384470,2580.0,1820.0,5390.0,3551.49,-27.35,21.29,196.15,코어라인소프트,,2026-10-08T01:00:02
387570,6230.0,3755.0,9530.0,6871.82,-9.34,42.86,153.79,파인메딕스,,2026-10-08T01:00:02
388050,10140.0,5350.0,18460.0,9573.9,5.91,36.54,245.05,지투파워,,2026-10-08T01:00:02
388610,5680.0,4460.0,22400.0,10966.3,-48.2,6.8,402.24,지에프씨생명과학,,2026-10-08T01:00:02
388720,68800.0,53800.0,155000.0,85156.13,-19.21,14.82,188.1,유일로보틱스,,2026-10-08T01:00:02
388870,6660.0,3710.0,12120.0,7304.35,-8.82,35.08,226.68,파로스아이바이오,,2026-10-08T01:00:02
389020,16050.0,14450.0,64900.0,36100.19,-55.54,3.17,349.13,자람테크놀로지,,2026-10-08T01:00:02
389030,2020.0,1490.0,6480.0,2990.52,-32.45,10.62,334.9,지니너스,,2026-10-08T01:00:02
389140,5450.0,3980.0,14710.0,7958.05,-31.52,13.7,269.6,포바이포,,2026-10-08T01:00:02
389260,13500.0,10590.0,27600.0,18355.91,-26.45,17.11,160.62,대명에너지,,2026-10-08T01:00:02
389470,27450.0,22650.0,101700.0,55049.07,-50.14,6.07,349.01,인벤티지랩,,2026-10-08T01:00:02
389500,41200.0,19970.0,115000.0,44984.57,-8.41,22.34,475.86,에스비비테크,,2026-10-08T01:00:02
389650,29000.0,28150.0,101000.0,59497.03,-51.26,1.17,258.79,넥스트바이오메디컬,,2026-10-08T01:00:02
391710,1237.0,967.0,3700.0,1977.68,-37.45,9.88,282.63,코닉오토메이션,,2026-10-08T01:00:02
389680,2830.0,950.0,8835.0,2718.43,4.1,23.84,830.0,유디엠텍,,2026-10-08T01:00:02
393210,3565.0,1809.0,7600.0,4335.12,-17.76,30.32,320.12,토마토시스템,,2026-10-08T01:00:02
393890,11420.0,5520.0,21350.0,10007.66,14.11,37.27,286.78,더블유씨피,,2026-10-08T01:00:02
394280,10340.0,7600.0,22700.0,13146.17,-21.35,18.15,198.68,오픈엣지테크놀로지,,2026-10-08T01:00:02
394420,8100.0,8010.0,39900.0,17287.29,-53.14,0.28,398.13,리센스메디컬,,2026-10-08T01:00:02
394800,6100.0,4020.0,20100.0,10095.52,-39.58,12.94,400.0,쓰리빌리언,,2026-10-08T01:00:02
395400,5280.0,4760.0,7200.0,5622.01,-6.08,21.31,51.26,SK리츠,,2026-10-08T01:00:02
396470,7260.0,4125.0,10960.0,7061.12,2.82,45.87,165.7,워트,,2026-10-08T01:00:02
396690,1322.0,1291.0,2835.0,2177.67,-39.29,2.01,119.6,미래에셋글로벌리츠,,2026-10-08T01:00:02
396300,6120.0,2270.0,7340.0,3889.09,57.36,75.94,223.35,세아메카닉스,,2026-10-08T01:00:02
396270,2350.0,1575.0,7570.0,3182.58,-26.16,12.93,380.63,넥스트칩,,2026-10-08T01:00:02
397030,15160.0,14690.0,76700.0,41592.12,-63.55,0.76,422.12,에이프릴바이오,,2026-10-08T01:00:02
397810,6530.0,4000.0,13330.0,7137.88,-8.52,27.12,233.25,애드포러스,,2026-10-08T01:00:02
398120,2320.0,1579.0,4945.0,2914.1,-20.39,22.01,213.17,에스지헬스케어,,2026-10-08T01:00:02
399720,47900.0,34950.0,83200.0,54017.66,-11.33,26.84,138.05,가온칩스,,2026-10-08T01:00:02
400760,2810.0,2700.0,3615.0,3198.75,-12.15,12.02,33.89,NH올원리츠,,2026-10-08T01:00:02
402030,12650.0,10010.0,29750.0,19106.13,-33.79,13.37,197.2,코난테크놀로지,,2026-10-08T01:00:02
403550,11340.0,9000.0,21000.0,11624.16,-2.44,19.5,133.33,쏘카,,2026-10-08T01:00:02
403490,2070.0,1750.0,10125.0,5807.37,-64.36,3.82,478.57,우듬지팜,,2026-10-08T01:00:02
402340,1101000.0,141500.0,2189000.0,722960.59,52.29,46.86,1447.0,SK스퀘어,,2026-10-08T01:00:02
402490,7790.0,4825.0,24850.0,10240.86,-23.93,14.81,415.03,그린리소스,,2026-10-08T01:00:02
403850,12710.0,9500.0,61500.0,17632.35,-27.92,6.17,547.37,더핑크퐁컴퍼니,,2026-10-08T01:00:02
404990,3830.0,3245.0,4920.0,3846.04,-0.42,34.93,51.62,신한서부티엔디리츠,,2026-10-08T01:00:02
403870,65300.0,25350.0,92000.0,42224.91,54.65,59.94,262.92,HPSP,,2026-10-08T01:00:02
405000,3690.0,3030.0,9400.0,6107.19,-39.58,10.36,210.23,플라즈맵,,2026-10-08T01:00:02
405100,18025.0,8060.0,24200.0,15536.93,16.01,61.74,200.25,큐알티,,2026-10-08T01:00:02
405920,1848.0,1561.0,2870.0,2266.59,-18.47,21.93,83.86,나라셀라,,2026-10-08T01:00:02
408470,4560.0,4420.0,47750.0,8978.46,-49.21,0.32,980.32,한패스,,2026-10-08T01:00:02
406820,2465.0,1525.0,8900.0,2684.88,-8.19,12.75,483.61,뷰티스킨,,2026-10-08T01:00:02
407400,2090.0,1633.0,6850.0,3868.81,-45.98,8.76,319.47,꿈비,,2026-10-08T01:00:02
408900,984.0,661.0,5400.0,2442.22,-59.71,6.82,716.94,스튜디오미르,,2026-10-08T01:00:02
408920,2980.0,2600.0,4385.0,3196.82,-6.78,21.29,68.65,메쎄이상,,2026-10-08T01:00:02
411080,8030.0,2965.0,10360.0,6588.79,21.87,68.49,249.41,샌즈랩,,2026-10-08T01:00:02
412350,6930.0,1573.0,14640.0,4521.42,53.27,41.0,830.71,레이저쎌,,2026-10-08T01:00:02
413630,4135.0,1663.0,6190.0,3744.16,10.44,54.61,272.22,씨피시스템,,2026-10-08T01:00:02
413640,5820.0,5250.0,16300.0,8887.03,-34.51,5.16,210.48,비아이매트릭스,,2026-10-08T01:00:02
413390,6730.0,4835.0,11660.0,7432.45,-9.45,27.77,141.16,엠오티,,2026-10-08T01:00:02
415380,2210.0,1429.0,5440.0,2279.57,-3.05,19.47,280.69,스튜디오삼익,,2026-10-08T01:00:02
416180,29300.0,13800.0,51900.0,32122.27,-8.79,40.68,276.09,신성에스티,,2026-10-08T01:00:02
417180,3975.0,3110.0,13333.0,7548.55,-47.34,8.46,328.71,핑거스토리,,2026-10-08T01:00:02
417010,6660.0,3330.0,15930.0,7371.9,-9.66,26.43,378.38,나노팀,,2026-10-08T01:00:02
417500,4820.0,2480.0,6160.0,3697.43,30.36,63.59,148.39,제이아이테크,,2026-10-08T01:00:02
417200,15500.0,8700.0,32725.0,14972.01,3.53,28.3,276.15,LS머트리얼즈,,2026-10-08T01:00:02
417310,2380.0,1164.0,2470.0,1902.92,25.07,93.11,112.2,코람코더원리츠,,2026-10-08T01:00:02
417840,21100.0,3009.0,22250.0,8925.78,136.39,94.02,639.45,저스템,,2026-10-08T01:00:02
417790,6960.0,5100.0,9080.0,7441.04,-6.46,46.73,78.04,트루엔,,2026-10-08T01:00:02
417860,7180.0,5810.0,17740.0,10155.61,-29.3,11.48,205.34,오브젠,,2026-10-08T01:00:02
417970,11100.0,8560.0,31500.0,16567.58,-33.0,11.07,267.99,모델솔루션,,2026-10-08T01:00:02
418470,9310.0,9090.0,16050.0,12281.93,-24.2,3.16,76.57,KT밀리의서재,,2026-10-08T01:00:02
418420,4045.0,2635.0,12500.0,5197.84,-22.18,14.29,374.38,라온텍,,2026-10-08T01:00:02
418550,5340.0,3205.0,15840.0,7250.15,-26.35,16.9,394.23,제이오,,2026-10-08T01:00:02
419050,2305.0,865.0,2465.0,1738.88,32.56,90.0,184.97,삼기에너지솔루션즈,,2026-10-08T01:00:02
418620,514.0,396.0,3797.0,1438.23,-64.26,3.47,858.84,E8,,2026-10-08T01:00:02
419080,4950.0,3000.0,12800.0,5834.74,-15.16,19.9,326.67,엔젯,,2026-10-08T01:00:02
419120,2280.0,1969.0,7940.0,3803.75,-40.06,5.21,303.25,산돌,,2026-10-08T01:00:02
419540,2870.0,2280.0,11500.0,4971.19,-42.27,6.4,404.39,비스토스,,2026-10-08T01:00:02
419530,21800.0,16740.0,66100.0,35727.62,-38.98,10.25,294.86,SAMG엔터,,2026-10-08T01:00:02
420570,9770.0,6710.0,12860.0,8608.44,13.49,49.76,91.65,제이투케이바이오,,2026-10-08T01:00:02
420770,134100.0,24600.0,206000.0,80600.0,66.38,60.36,737.4,기가비스,,2026-10-08T01:00:02
424760,2180.0,1700.0,6161.0,2360.03,-7.63,10.76,262.41,벨로크,,2026-10-08T01:00:02
424870,3370.0,2300.0,15499.0,6465.9,-47.88,8.11,573.87,이뮨온시아,,2026-10-08T01:00:02
424980,10350.0,4840.0,16340.0,10063.94,2.84,47.91,237.6,마이크로투나노,,2026-10-08T01:00:02
424960,3970.0,2755.0,10300.0,6513.38,-39.05,16.1,273.87,스마트레이더시스템,,2026-10-08T01:00:02
425040,15650.0,6300.0,30300.0,11045.61,41.69,38.96,380.95,티이엠씨,,2026-10-08T01:00:02
425420,66600.0,23500.0,77700.0,46340.52,43.72,79.52,230.64,티에프이,,2026-10-08T01:00:02
429270,3185.0,2560.0,12230.0,4830.57,-34.07,6.46,377.73,시지트로닉스,,2026-10-08T01:00:02
430690,3210.0,1722.0,7790.0,4124.21,-22.17,24.52,352.38,한싹,,2026-10-08T01:00:02
432320,1618.0,1246.0,4000.0,2628.58,-38.45,13.51,221.03,KB스타리츠,,2026-10-08T01:00:02
432430,2000.0,1747.0,6450.0,3432.36,-41.73,5.38,269.2,와이랩,,2026-10-08T01:00:02
431190,4435.0,1847.0,7450.0,4221.3,5.06,46.19,303.36,케이쓰리아이,,2026-10-08T01:00:02
432720,11810.0,5720.0,32150.0,13763.75,-14.19,23.04,462.06,퀄리타스반도체,,2026-10-08T01:00:02
432470,10440.0,5920.0,20400.0,11175.91,-6.58,31.22,244.59,케이엔에스,,2026-10-08T01:00:02
432980,2665.0,2305.0,4530.0,3305.99,-19.39,16.18,96.53,엠에프씨,,2026-10-08T01:00:02
435570,7140.0,5830.0,17000.0,9754.28,-26.8,11.73,191.6,에르코스,,2026-10-08T01:00:02
434480,2990.0,1800.0,5450.0,3524.09,-15.16,32.6,202.78,모니터랩,,2026-10-08T01:00:02
439960,6540.0,6400.0,68500.0,19162.45,-65.87,0.23,970.31,코스모로보틱스,,2026-10-08T01:00:02
438700,1826.0,1496.0,5230.0,2990.55,-38.94,8.84,249.6,버넥트,,2026-10-08T01:00:02
437730,50100.0,13700.0,76900.0,43219.03,15.92,57.59,461.31,삼현,,2026-10-08T01:00:02
439260,46300.0,42100.0,109700.0,69359.11,-33.25,6.21,160.57,대한조선,,2026-10-08T01:00:02
439580,3100.0,1341.0,6660.0,3615.38,-14.26,33.07,396.64,블루엠텍,,2026-10-08T01:00:02
439090,15520.0,11060.0,21250.0,15013.64,3.37,43.77,92.13,마녀공장,,2026-10-08T01:00:02
440290,1692.0,1581.0,2490.0,1995.42,-15.21,12.21,57.5,HB인베스트먼트,,2026-10-08T01:00:02
440320,2065.0,1627.0,5300.0,3398.81,-39.24,11.92,225.75,오픈놀,,2026-10-08T01:00:02
441270,9500.0,5340.0,14060.0,9351.86,1.58,47.71,163.3,파인엠텍,,2026-10-08T01:00:02
443670,5000.0,2520.0,7290.0,4861.95,2.84,51.99,189.29,에스피소프트,,2026-10-08T01:00:02
443060,215500.0,158000.0,287000.0,207753.53,3.73,44.57,81.65,HD현대마린솔루션,,2026-10-08T01:00:02
443250,5330.0,4650.0,12250.0,8746.28,-39.06,8.95,163.44,레뷰코퍼레이션,,2026-10-08T01:00:02
444530,4695.0,3470.0,12500.0,7493.01,-37.34,13.57,260.23,심플랫폼,,2026-10-08T01:00:02
445090,24000.0,13910.0,34800.0,27139.81,-11.57,48.3,150.18,에이직랜드,,2026-10-08T01:00:02
445180,9860.0,5990.0,13400.0,8799.33,12.05,52.23,123.71,퓨릿,,2026-10-08T01:00:02
446070,3965.0,2070.0,4145.0,3321.36,19.38,91.33,100.24,유니드비티플러스,,2026-10-08T01:00:02
445680,58200.0,31650.0,149200.0,77008.55,-24.42,22.59,371.41,큐리옥스바이오시스템즈,,2026-10-08T01:00:02
446540,11590.0,3245.0,11940.0,5443.07,112.93,95.97,267.95,메가터치,,2026-10-08T01:00:02
446840,3575.0,2390.0,11085.0,6751.52,-47.05,13.63,363.81,지슨,,2026-10-08T01:00:02
448280,9460.0,5840.0,15700.0,10581.08,-10.6,36.71,168.84,에코아이,,2026-10-08T01:00:02
448730,5060.0,4255.0,7620.0,5116.73,-1.11,23.92,79.08,삼성FN리츠,,2026-10-08T01:00:02
448710,11280.0,9250.0,26000.0,16476.62,-31.54,12.12,181.08,코츠테크놀로지,,2026-10-08T01:00:02
450080,38800.0,27100.0,88800.0,55398.33,-29.96,18.96,227.68,에코프로머티,,2026-10-08T01:00:02
448900,53400.0,11300.0,178400.0,64592.3,-17.33,25.19,1478.76,한국피아이엠,,2026-10-08T01:00:02
450330,5010.0,3650.0,8700.0,6090.06,-17.73,26.93,138.36,하스,,2026-10-08T01:00:02
450520,1864.0,1350.0,4455.0,2920.94,-36.18,16.55,230.0,인스웨이브,,2026-10-08T01:00:02
450950,6300.0,4050.0,17480.0,10446.36,-39.69,16.75,331.6,아스테라시스,,2026-10-08T01:00:02
451220,9290.0,6240.0,19500.0,10892.57,-14.71,23.0,212.5,아이엠티,,2026-10-08T01:00:02
451250,7430.0,6200.0,12550.0,8686.91,-14.47,19.37,102.42,삐아,,2026-10-08T01:00:02
451760,8060.0,5760.0,26350.0,12477.84,-35.41,11.17,357.47,컨텍,,2026-10-08T01:00:02
452160,3140.0,2825.0,9600.0,5541.8,-43.34,4.65,239.82,제이엔비,,2026-10-08T01:00:02
451800,5320.0,3875.0,6980.0,4751.91,11.95,46.54,80.13,한화리츠,,2026-10-08T01:00:02
452190,6980.0,2615.0,10590.0,4898.44,42.49,54.73,304.97,한빛레이저,,2026-10-08T01:00:02
452200,1676.0,980.0,5200.0,2401.36,-30.21,16.49,430.61,민테크,,2026-10-08T01:00:02
452260,2580.0,999.0,4120.0,2004.39,28.72,50.66,312.41,한화갤러리아,,2026-10-08T01:00:02
452300,2465.0,1726.0,5730.0,2950.04,-16.44,18.46,231.98,캡스톤파트너스,,2026-10-08T01:00:02
452280,14400.0,7330.0,37300.0,12889.74,11.72,23.59,408.87,한선엔지니어링,,2026-10-08T01:00:02
452400,5300.0,4700.0,14400.0,8668.7,-38.86,6.19,206.38,이닉스,,2026-10-08T01:00:02
452430,36150.0,19000.0,56000.0,33313.2,8.52,46.35,194.74,사피엔반도체,,2026-10-08T01:00:02
452450,6040.0,1815.0,9850.0,6001.64,0.64,52.58,442.7,피아이이,,2026-10-08T01:00:02
453450,13090.0,10700.0,29800.0,16813.87,-22.15,12.51,178.5,그리드위즈,,2026-10-08T01:00:02
453340,19100.0,14650.0,19950.0,16675.28,14.54,83.96,36.18,현대그린푸드,,2026-10-08T01:00:02
453860,7060.0,6940.0,22900.0,13816.13,-48.9,0.75,229.97,에이에스텍,,2026-10-08T01:00:02
454910,69900.0,54200.0,170000.0,84549.07,-17.33,13.56,213.65,두산로보틱스,,2026-10-08T01:00:02
455900,22250.0,14860.0,43950.0,26583.75,-16.3,25.4,195.76,엔젤로보틱스,,2026-10-08T01:00:02
455180,1280.0,1182.0,6340.0,3095.1,-58.64,1.9,436.38,케이지에이,,2026-10-08T01:00:02
456010,24350.0,11000.0,39950.0,17443.42,39.59,46.11,263.18,아이씨티케이,,2026-10-08T01:00:02
456040,72400.0,52500.0,163200.0,80449.44,-10.01,17.98,210.86,OCI,,2026-10-08T01:00:02
456070,5890.0,4800.0,20950.0,11783.29,-50.01,6.75,336.46,이엔셀,,2026-10-08T01:00:02
457190,80300.0,43000.0,131800.0,73969.7,8.56,42.0,206.51,이수스페셜티케미컬,,2026-10-08T01:00:02
457370,11120.0,5460.0,17040.0,9033.12,23.1,48.88,212.09,한켐,,2026-10-08T01:00:02
458350,3055.0,2685.0,42350.0,6544.66,-53.32,0.93,1477.28,에스팀,,2026-10-08T01:00:02
457600,4095.0,1401.0,5700.0,2732.28,49.87,62.67,306.85,벡트,,2026-10-08T01:00:02
456160,43250.0,22400.0,124000.0,62975.39,-31.32,20.52,453.57,지투지바이오,,2026-10-08T01:00:02
458650,8160.0,6420.0,15440.0,10913.64,-25.23,19.29,140.5,성우,,2026-10-08T01:00:02
458870,25150.0,15541.0,64235.0,35411.69,-28.98,19.73,313.33,씨어스,,2026-10-08T01:00:02
459510,15530.0,10700.0,38250.0,21253.9,-26.93,17.53,257.48,나우로보틱스,,2026-10-08T01:00:02
459100,4100.0,3050.0,9290.0,5902.79,-30.54,16.83,204.59,위츠,,2026-10-08T01:00:02
459550,1957.0,992.0,6250.0,2775.4,-29.49,18.35,530.04,알트,,2026-10-08T01:00:02
460850,5280.0,4230.0,7790.0,5405.93,-2.33,29.49,84.16,동국씨엠,,2026-10-08T01:00:02
460470,3090.0,2415.0,4945.0,3227.3,-4.25,26.68,104.76,아이빔테크놀로지,,2026-10-08T01:00:02
460870,3125.0,1790.0,6890.0,3636.96,-14.08,26.18,284.92,에스엠씨지,,2026-10-08T01:00:02
460860,9600.0,7760.0,17710.0,9448.03,1.61,18.49,128.22,동국제강,,2026-10-08T01:00:02
460930,12630.0,10380.0,33450.0,17996.43,-29.82,9.75,222.25,현대힘스,,2026-10-08T01:00:02
460940,5110.0,3605.0,14800.0,8039.74,-36.44,13.44,310.54,피앤에스로보틱스,,2026-10-08T01:00:02
461030,2930.0,1910.0,12990.0,7020.28,-58.26,9.21,580.1,아이엠비디엑스,,2026-10-08T01:00:02
461300,17770.0,14130.0,27550.0,17498.74,1.55,27.12,94.98,아이스크림미디어,,2026-10-08T01:00:02
462310,3875.0,2700.0,8900.0,4812.17,-19.48,18.95,229.63,뉴키즈온,,2026-10-08T01:00:02
462350,6900.0,4810.0,20808.0,10240.82,-32.62,13.06,332.6,이노스페이스,,2026-10-08T01:00:02
462510,3455.0,2290.0,9300.0,4997.1,-30.86,16.62,306.11,라메디텍,,2026-10-08T01:00:02
462520,12660.0,12000.0,18800.0,14108.96,-10.27,9.71,56.67,조선내화,,2026-10-08T01:00:02
462860,2800.0,1588.0,5530.0,3479.61,-19.53,30.75,248.24,더즌,,2026-10-08T01:00:02
462980,1754.0,1178.0,2655.0,1902.24,-7.79,39.0,125.38,아이지넷,,2026-10-08T01:00:02
462870,30750.0,27500.0,43850.0,34299.81,-10.35,19.88,59.45,시프트업,,2026-10-08T01:00:02
463020,6600.0,5450.0,30950.0,14407.1,-54.19,4.51,467.89,뉴엔AI,,2026-10-08T01:00:02
464490,4930.0,4405.0,27150.0,10767.74,-54.22,2.31,516.35,쿼드메디슨,,2026-10-08T01:00:02
464080,10450.0,6550.0,28700.0,12848.18,-18.67,17.61,338.17,에스오에스랩,,2026-10-08T01:00:02
464280,5590.0,4240.0,10920.0,8197.01,-31.8,20.21,157.55,티디에스팜,,2026-10-08T01:00:02
463480,4025.0,2590.0,11860.0,7074.05,-43.1,15.48,357.92,모티브링크,,2026-10-08T01:00:02
464500,1683.0,1125.0,4965.0,2873.88,-41.44,14.53,341.33,아이언디바이스,,2026-10-08T01:00:02
464580,1630.0,1220.0,3110.0,2117.16,-23.01,21.69,154.92,닷밀,,2026-10-08T01:00:02
465480,3855.0,2600.0,7860.0,4952.77,-22.16,23.86,202.31,인스피언,,2026-10-08T01:00:02
466690,2015.0,1951.0,3470.0,2017.95,-0.15,4.21,77.86,키움히어로제1호스팩,,2026-10-08T01:00:02
466410,8770.0,6950.0,15000.0,11059.07,-20.7,22.61,115.83,사이냅소프트,,2026-10-08T01:00:02
468530,43900.0,14200.0,120100.0,55047.21,-20.25,28.05,745.77,프로티나,,2026-10-08T01:00:02
466100,22500.0,17636.0,77953.0,40183.3,-44.01,8.06,342.01,클로봇,,2026-10-08T01:00:02
469610,15940.0,8760.0,85000.0,21904.29,-27.23,9.42,870.32,이노테크,,2026-10-08T01:00:02
471820,4090.0,3410.0,7690.0,4986.47,-17.98,15.89,125.51,셀로맥스사이언스,,2026-10-08T01:00:02
473000,2085.0,2020.0,2200.0,2055.39,1.44,36.11,8.91,SK증권제12호스팩,,2026-10-08T01:00:02
472850,4685.0,3560.0,10400.0,5084.72,-7.86,16.45,192.13,폰드그룹,,2026-10-08T01:00:02
473950,2060.0,2010.0,2140.0,2039.75,0.99,38.46,6.47,SK증권제13호스팩,,2026-10-08T01:00:02
473980,10250.0,8740.0,36950.0,19207.92,-46.64,5.35,322.77,노머스,,2026-10-08T01:00:02
474490,2085.0,1994.0,2155.0,2042.38,2.09,56.52,8.07,유안타제16호스팩,,2026-10-08T01:00:02
474170,6600.0,4040.0,22650.0,10425.43,-36.69,13.76,460.64,루미르,,2026-10-08T01:00:02
474610,8280.0,3885.0,17750.0,7360.72,12.49,31.7,356.89,RF시스템즈,,2026-10-08T01:00:02
474660,2090.0,2020.0,2168.0,2065.58,1.18,47.3,7.33,신한제12호스팩,,2026-10-08T01:00:02
474650,25600.0,16020.0,93300.0,42281.23,-39.45,12.4,482.4,링크솔루션,,2026-10-08T01:00:02
475040,2870.0,2410.0,11080.0,3387.21,-15.27,5.31,359.75,스트라드비젼,,2026-10-08T01:00:02
474930,2095.0,2045.0,2255.0,2125.19,-1.42,23.81,10.27,신한제13호스팩,,2026-10-08T01:00:02
475150,47050.0,17210.0,87700.0,37045.99,27.0,42.33,409.59,SK이터닉스,,2026-10-08T01:00:02
475240,2095.0,2005.0,2200.0,2102.06,-0.34,46.15,9.73,하나32호스팩,,2026-10-08T01:00:02
475230,9540.0,5600.0,29650.0,14280.97,-33.2,16.38,429.46,엔알비,,2026-10-08T01:00:02
475250,2090.0,2025.0,2130.0,2087.18,0.14,61.9,5.19,하나33호스팩,,2026-10-08T01:00:02
475400,18090.0,13420.0,46950.0,28266.13,-36.0,13.93,249.85,씨메스로보틱스,,2026-10-08T01:00:02
475430,4460.0,3315.0,7820.0,4686.43,-4.83,25.42,135.9,키스트론,,2026-10-08T01:00:02
475580,7240.0,5020.0,15650.0,9697.88,-25.34,20.88,211.75,에이럭스,,2026-10-08T01:00:02
475460,2750.0,1697.0,3835.0,2652.12,3.69,49.25,125.99,미트박스,,2026-10-08T01:00:02
475560,14020.0,12130.0,28850.0,20745.72,-32.42,11.3,137.84,더본코리아,,2026-10-08T01:00:02
475660,3190.0,2750.0,8500.0,5115.35,-37.64,7.65,209.09,에스켐,,2026-10-08T01:00:02
475830,19640.0,19210.0,146600.0,71293.64,-72.45,0.34,663.14,오름테라퓨틱,,2026-10-08T01:00:02
476040,6950.0,6070.0,48500.0,23592.71,-70.54,2.07,699.01,오가노이드사이언스,,2026-10-08T01:00:02
475960,35350.0,26000.0,67800.0,44694.24,-20.91,22.37,160.77,토모큐브,,2026-10-08T01:00:02
476830,26900.0,19990.0,122625.0,60945.64,-55.86,6.73,513.43,알지노믹스,,2026-10-08T01:00:02
476080,4165.0,2740.0,14460.0,7408.33,-43.78,12.16,427.74,M83,,2026-10-08T01:00:02
476060,15090.0,6450.0,28900.0,17065.33,-11.58,38.49,348.06,온코닉테라퓨틱스,,2026-10-08T01:00:02
477340,2070.0,1991.0,2180.0,2029.42,2.0,41.8,9.49,에이치엠씨제7호스팩,,2026-10-08T01:00:02
477850,21500.0,13420.0,83600.0,25437.89,-15.48,11.51,522.95,마키나락스,,2026-10-08T01:00:02
477470,2070.0,2040.0,2190.0,2095.57,-1.22,20.0,7.35,미래에셋비전스팩5호,,2026-10-08T01:00:02
477380,2070.0,1980.0,2130.0,2067.75,0.11,60.0,7.58,미래에셋비전스팩4호,,2026-10-08T01:00:02
477760,2070.0,1847.0,2155.0,1997.65,3.62,72.4,16.68,디비금융스팩12호,,2026-10-08T01:00:02
478340,15080.0,7520.0,64600.0,27752.7,-45.66,13.24,759.04,나라스페이스테크놀로지,,2026-10-08T01:00:02
478110,2065.0,2000.0,2085.0,2029.21,1.76,76.47,4.25,이베스트스팩6호,,2026-10-08T01:00:02
478390,2070.0,2005.0,2155.0,2066.0,0.19,43.33,7.48,KB제29호스팩,,2026-10-08T01:00:02
478440,2070.0,2000.0,2090.0,2046.88,1.13,77.78,4.5,미래에셋비전스팩6호,,2026-10-08T01:00:02
478560,3405.0,2010.0,4150.0,3292.7,3.41,65.19,106.47,블랙야크아이앤씨,,2026-10-08T01:00:02
479880,2070.0,2000.0,2100.0,2055.8,0.69,70.0,5.0,한국제15호스팩,,2026-10-08T01:00:02
480370,2280.0,1039.0,4171.0,2413.26,-5.52,39.62,301.44,씨케이솔루션,,2026-10-08T01:00:02
481070,14120.0,10450.0,28700.0,18319.33,-22.92,20.11,174.64,에이유브랜즈,,2026-10-08T01:00:02
481890,2065.0,2015.0,2180.0,2099.77,-1.66,30.3,8.19,엔에이치스팩31호,,2026-10-08T01:00:02
479960,6550.0,4510.0,15300.0,9407.51,-30.37,18.91,239.25,위너스일렉,,2026-10-08T01:00:02
482630,15630.0,7465.0,25000.0,14140.89,10.53,46.56,234.9,삼양엔씨켐,,2026-10-08T01:00:02
482690,2085.0,2040.0,2300.0,2127.28,-1.99,17.31,12.75,대신밸런스제19호스팩,,2026-10-08T01:00:02
483650,175400.0,116200.0,283000.0,178860.59,-1.93,35.49,143.55,달바글로벌,,2026-10-08T01:00:02
484130,2040.0,2000.0,2150.0,2047.1,-0.35,26.67,7.5,하나34호스팩,,2026-10-08T01:00:02
484120,23750.0,11670.0,35150.0,22467.32,5.71,51.45,201.2,도우인시스,,2026-10-08T01:00:02
484590,7150.0,4710.0,22650.0,11573.38,-38.22,13.6,380.89,삼양컴텍,,2026-10-08T01:00:02
486630,2060.0,2000.0,2160.0,2050.13,0.48,37.5,8.0,KB제30호스팩,,2026-10-08T01:00:02
484870,19150.0,13010.0,76666.0,39635.91,-51.69,9.65,489.29,엠앤씨솔루션,,2026-10-08T01:00:02
484810,11750.0,7540.0,26500.0,15439.14,-23.89,22.2,251.46,티엑스알로보틱스,,2026-10-08T01:00:02
486990,19380.0,15130.0,65300.0,32121.62,-39.67,8.47,331.59,노타,,2026-10-08T01:00:02
487360,2030.0,1900.0,2135.0,2041.64,-0.57,55.32,12.37,신한제14호스팩,,2026-10-08T01:00:02
487570,50700.0,37400.0,75400.0,56027.88,-9.51,35.0,101.6,HS효성,,2026-10-08T01:00:02
487580,2705.0,2695.0,26000.0,4054.24,-33.28,0.04,864.75,폴레드,,2026-10-08T01:00:02
488900,10150.0,6540.0,31100.0,14359.39,-29.31,14.7,375.54,비츠로넥스텍,,2026-10-08T01:00:02
487720,2105.0,1990.0,2160.0,2061.36,2.12,67.65,8.54,키움제10호스팩,,2026-10-08T01:00:02
487830,2045.0,2000.0,2345.0,2048.95,-0.19,13.04,17.25,신한제15호스팩,,2026-10-08T01:00:02
488280,15880.0,8010.0,40000.0,19424.96,-18.25,24.6,399.38,에스투더블유,,2026-10-08T01:00:02
489210,2055.0,1991.0,2205.0,2079.32,-1.17,29.91,10.75,교보17호스팩,,2026-10-08T01:00:02
488060,2050.0,2000.0,2150.0,2040.32,0.47,33.33,7.5,유진스팩11호,,2026-10-08T01:00:02
489460,11900.0,5230.0,18450.0,11001.04,8.17,50.45,252.77,바이오비쥬,,2026-10-08T01:00:02
489500,23500.0,14550.0,59500.0,26314.09,-10.69,19.91,308.93,엘케이켐,,2026-10-08T01:00:02
489730,2045.0,1923.0,2130.0,2042.41,0.13,58.94,10.76,디비금융제13호스팩,,2026-10-08T01:00:02
490470,22450.0,12630.0,51300.0,25351.27,-11.44,25.39,306.18,세미파이브,,2026-10-08T01:00:02
491000,38450.0,27100.0,95900.0,54649.48,-29.64,16.5,253.87,리브스메드,,2026-10-08T01:00:02
493280,18690.0,13190.0,104000.0,30691.69,-39.1,6.06,688.48,아이엠바이오로직스,,2026-10-08T01:00:02
489790,49475.0,30950.0,97900.0,58053.81,-14.78,27.67,216.32,한화비전,,2026-10-08T01:00:02
493330,13950.0,8350.0,23800.0,14145.08,-1.38,36.25,185.03,지에프아이,,2026-10-08T01:00:02
492220,2035.0,1985.0,2110.0,2028.03,0.34,40.0,6.3,KB제31호스팩,,2026-10-08T01:00:02
494120,10200.0,7450.0,48218.0,22448.53,-54.56,6.75,547.22,큐리오시스,,2026-10-08T01:00:02
493790,2025.0,1971.0,2040.0,2009.39,0.78,78.26,3.5,유안타제17호스팩,,2026-10-08T01:00:02
496070,2005.0,1974.0,2070.0,2014.93,-0.49,32.29,4.86,신한제16호스팩,,2026-10-08T01:00:02
499790,37500.0,32250.0,67000.0,45534.39,-17.64,15.11,107.75,GS피앤엘,,2026-10-08T01:00:02
900070,1113.0,782.0,1488.0,1001.32,11.15,46.88,90.28,글로벌에스엠,,2026-10-08T01:00:02
900250,1232.0,900.0,3446.0,2295.79,-46.34,13.04,282.89,크리스탈신소재,,2026-10-08T01:00:02
900140,1152.0,1065.0,1882.0,1486.59,-22.51,10.65,76.71,엘브이엠씨,,2026-10-08T01:00:02
900260,1937.0,857.0,2145.0,1484.21,30.51,83.85,150.29,로스웰,,2026-10-08T01:00:02
900290,3370.0,2120.0,7490.0,3636.25,-7.32,23.28,253.3,GRT,,2026-10-08T01:00:02
900270,2580.0,2100.0,13655.0,6744.46,-61.75,4.15,550.24,헝셩그룹,,2026-10-08T01:00:02
900310,1970.0,1650.0,4340.0,2628.35,-25.05,11.9,163.03,컬러레이,,2026-10-08T01:00:02
900300,2895.0,1541.0,24800.0,8827.88,-67.21,5.82,1509.34,오가닉티코스메틱,,2026-10-08T01:00:02
950140,8130.0,7000.0,16910.0,11062.71,-26.51,11.4,141.57,잉글우드랩,,2026-10-08T01:00:02
950130,2245.0,1945.0,5280.0,3249.24,-30.91,9.0,171.47,엑세스바이오,,2026-10-08T01:00:02
900340,1333.0,905.0,4807.0,2695.42,-50.55,10.97,431.16,윙입푸드,,2026-10-08T01:00:02
950160,16330.0,11470.0,149000.0,69050.26,-76.35,3.53,1199.04,코오롱티슈진,,2026-10-08T01:00:02
950170,4340.0,3350.0,7450.0,4949.48,-12.31,24.15,122.39,JTC,,2026-10-08T01:00:02
950190,9720.0,6920.0,12460.0,8748.1,11.11,50.54,80.06,고스트스튜디오,,2026-10-08T01:00:02
950210,5980.0,4945.0,15350.0,9768.66,-38.78,9.95,210.41,프레스티지바이오파마,,2026-10-08T01:00:02
950200,2985.0,2380.0,4690.0,3412.79,-12.53,26.19,97.06,소마젠,,2026-10-08T01:00:02
950250,4075.0,1700.0,20800.0,5820.42,-29.99,12.43,1123.53,테라뷰,,2026-10-08T01:00:02
950220,1889.0,1115.0,5655.0,2720.27,-30.56,17.05,407.17,네오이뮨텍,,2026-10-08T01:00:02
